#,label,duration,start time,end time,rms,peak freq(meanentire),fundamental(meanentire),max freq(meanentire),entropy(meanentire),hnr(meanentire),filename
1,nf,0.042,3.9386,3.9806,-57.97,114,104,493,0.161,35.56,C:\Users\vdemartsev\Documents\Thermal\Audio for thermal\190619_Whiskers\1008.WAV
2,nf,0.022,4.0986,4.1206,-52.07,93,93,264,0.114,33.09,C:\Users\vdemartsev\Documents\Thermal\Audio for thermal\190619_Whiskers\1008.WAV
3,nf,0.0373,6.7006,6.738,-55.76,112,112,256,0.124,28.17,C:\Users\vdemartsev\Documents\Thermal\Audio for thermal\190619_Whiskers\1008.WAV
4,nf,0.0246,8.2813,8.306,-59.96,93,93,224,0.123,31.91,C:\Users\vdemartsev\Documents\Thermal\Audio for thermal\190619_Whiskers\1008.WAV
5,nf,0.0346,10.162,10.1966,-46.7,93,93,214,0.093,30.05,C:\Users\vdemartsev\Documents\Thermal\Audio for thermal\190619_Whiskers\1008.WAV
6,nf,0.11,13.8713,13.9813,-40.65,95,95,242,0.087,31.62,C:\Users\vdemartsev\Documents\Thermal\Audio for thermal\190619_Whiskers\1008.WAV
7,nf,0.0173,14.1579,14.1753,-46.1,93,93,281,0.097,32.03,C:\Users\vdemartsev\Documents\Thermal\Audio for thermal\190619_Whiskers\1008.WAV
8,nf,0.1406,14.7246,14.8653,-41.72,93,93,191,0.083,31.91,C:\Users\vdemartsev\Documents\Thermal\Audio for thermal\190619_Whiskers\1008.WAV
9,nf,0.0533,15.0286,15.082,-40.28,93,93,187,0.089,29.8,C:\Users\vdemartsev\Documents\Thermal\Audio for thermal\190619_Whiskers\1008.WAV
10,nf,0.1066,15.24,15.3466,-47.48,93,93,201,0.081,31.63,C:\Users\vdemartsev\Documents\Thermal\Audio for thermal\190619_Whiskers\1008.WAV
11,nf,0.1026,15.4479,15.5506,-48.21,94,94,208,0.092,31.19,C:\Users\vdemartsev\Documents\Thermal\Audio for thermal\190619_Whiskers\1008.WAV
12,nf,0.1326,15.6506,15.7833,-47.49,93,93,204,0.082,34.72,C:\Users\vdemartsev\Documents\Thermal\Audio for thermal\190619_Whiskers\1008.WAV
13,nf,0.1046,16.0086,16.1133,-45.76,93,93,193,0.082,30.15,C:\Users\vdemartsev\Documents\Thermal\Audio for thermal\190619_Whiskers\1008.WAV
14,nf,0.0473,17.4506,17.4979,-52.67,93,93,256,0.11,35.1,C:\Users\vdemartsev\Documents\Thermal\Audio for thermal\190619_Whiskers\1008.WAV
15,nf,0.1306,17.7966,17.9273,-53.64,93,93,225,0.096,29.42,C:\Users\vdemartsev\Documents\Thermal\Audio for thermal\190619_Whiskers\1008.WAV
16,nf,0.0193,18.0639,18.0833,-59.17,100,100,243,0.103,32.97,C:\Users\vdemartsev\Documents\Thermal\Audio for thermal\190619_Whiskers\1008.WAV
17,nf,0.028,18.3599,18.3879,-49.91,93,93,226,0.095,29.9,C:\Users\vdemartsev\Documents\Thermal\Audio for thermal\190619_Whiskers\1008.WAV
18,nf,0.0246,18.5686,18.5933,-58.28,147,131,347,0.126,29.91,C:\Users\vdemartsev\Documents\Thermal\Audio for thermal\190619_Whiskers\1008.WAV
19,nf,0.0286,20.0513,20.08,-49.55,93,93,230,0.092,34.78,C:\Users\vdemartsev\Documents\Thermal\Audio for thermal\190619_Whiskers\1008.WAV
20,nf,0.028,20.4886,20.5166,-49.8,93,93,250,0.089,33.77,C:\Users\vdemartsev\Documents\Thermal\Audio for thermal\190619_Whiskers\1008.WAV
21,nf,0.2926,21.1673,21.4599,-55.02,127,120,256,0.11,31.52,C:\Users\vdemartsev\Documents\Thermal\Audio for thermal\190619_Whiskers\1008.WAV
22,nf,0.158,22.0866,22.2446,-55.82,118,119,255,0.11,30.02,C:\Users\vdemartsev\Documents\Thermal\Audio for thermal\190619_Whiskers\1008.WAV
23,nf,0.046,24.7859,24.8319,-60.53,171,131,336,0.133,36.54,C:\Users\vdemartsev\Documents\Thermal\Audio for thermal\190619_Whiskers\1008.WAV
24,nf,0.016,25.6106,25.6266,-64.91,253,253,427,0.124,32.57,C:\Users\vdemartsev\Documents\Thermal\Audio for thermal\190619_Whiskers\1008.WAV
25,nf,0.1546,26.5466,26.7013,-57.78,95,95,255,0.102,28.87,C:\Users\vdemartsev\Documents\Thermal\Audio for thermal\190619_Whiskers\1008.WAV
26,nf,0.1053,27.3566,27.462,-57.27,93,93,265,0.098,30.79,C:\Users\vdemartsev\Documents\Thermal\Audio for thermal\190619_Whiskers\1008.WAV
27,nf,0.1226,28.6806,28.8033,-54.54,94,94,228,0.092,32.82,C:\Users\vdemartsev\Documents\Thermal\Audio for thermal\190619_Whiskers\1008.WAV
28,nf,0.0233,29.1073,29.1306,-61.4,93,93,260,0.119,36.16,C:\Users\vdemartsev\Documents\Thermal\Audio for thermal\190619_Whiskers\1008.WAV
29,nf,0.0293,29.3846,29.414,-57.19,93,93,262,0.106,39.42,C:\Users\vdemartsev\Documents\Thermal\Audio for thermal\190619_Whiskers\1008.WAV
30,nf,0.252,29.6326,29.8846,-57.03,145,146,249,0.106,28.58,C:\Users\vdemartsev\Documents\Thermal\Audio for thermal\190619_Whiskers\1008.WAV
31,nf,0.0393,30.2699,30.3093,-57.26,317,298,500,0.125,35.39,C:\Users\vdemartsev\Documents\Thermal\Audio for thermal\190619_Whiskers\1008.WAV
32,nf,0.1706,31.5193,31.6899,-45.09,93,93,184,0.081,29.32,C:\Users\vdemartsev\Documents\Thermal\Audio for thermal\190619_Whiskers\1008.WAV
33,nf,0.3393,32.0886,32.4279,-45.72,96,96,232,0.085,28.95,C:\Users\vdemartsev\Documents\Thermal\Audio for thermal\190619_Whiskers\1008.WAV
34,nf,0.1353,32.9599,33.0953,-45.17,94,94,226,0.09,30.15,C:\Users\vdemartsev\Documents\Thermal\Audio for thermal\190619_Whiskers\1008.WAV
35,nf,0.018,33.2373,33.2553,-52.63,97,97,314,0.111,31.04,C:\Users\vdemartsev\Documents\Thermal\Audio for thermal\190619_Whiskers\1008.WAV
36,nf,0.0266,33.5006,33.5273,-42.47,93,93,233,0.087,32.9,C:\Users\vdemartsev\Documents\Thermal\Audio for thermal\190619_Whiskers\1008.WAV
37,nf,0.182,34.4186,34.6006,-47.88,94,94,241,0.102,26.63,C:\Users\vdemartsev\Documents\Thermal\Audio for thermal\190619_Whiskers\1008.WAV
38,nf,0.222,36.2326,36.4546,-41.73,93,93,234,0.086,28.68,C:\Users\vdemartsev\Documents\Thermal\Audio for thermal\190619_Whiskers\1008.WAV
39,nf,0.0193,36.846,36.8653,-42.62,96,93,275,0.098,30.24,C:\Users\vdemartsev\Documents\Thermal\Audio for thermal\190619_Whiskers\1008.WAV
40,nf,0.0286,37.0519,37.0806,-47.27,98,98,259,0.095,27.06,C:\Users\vdemartsev\Documents\Thermal\Audio for thermal\190619_Whiskers\1008.WAV
41,nf,0.0073,37.436,37.4433,-43.19,101,101,304,0.093,26.82,C:\Users\vdemartsev\Documents\Thermal\Audio for thermal\190619_Whiskers\1008.WAV
42,nf,0.1493,39.3266,39.4759,-45.81,95,95,259,0.09,28.41,C:\Users\vdemartsev\Documents\Thermal\Audio for thermal\190619_Whiskers\1008.WAV
43,nf,0.3406,40.2753,40.6159,-45.79,102,98,234,0.092,30.32,C:\Users\vdemartsev\Documents\Thermal\Audio for thermal\190619_Whiskers\1008.WAV
44,nf,0.032,40.7399,40.7719,-49.85,97,98,216,0.143,26.34,C:\Users\vdemartsev\Documents\Thermal\Audio for thermal\190619_Whiskers\1008.WAV
45,nf,0.2173,41.0673,41.2846,-41.75,93,93,203,0.084,30.65,C:\Users\vdemartsev\Documents\Thermal\Audio for thermal\190619_Whiskers\1008.WAV
46,nf,0.0586,41.9266,41.9853,-45.69,98,98,258,0.101,36.36,C:\Users\vdemartsev\Documents\Thermal\Audio for thermal\190619_Whiskers\1008.WAV
47,nf,0.4506,42.3873,42.8379,-48.34,95,95,196,0.09,24.32,C:\Users\vdemartsev\Documents\Thermal\Audio for thermal\190619_Whiskers\1008.WAV
48,nf,0.0306,43.6206,43.6513,-47.56,93,93,245,0.087,30.99,C:\Users\vdemartsev\Documents\Thermal\Audio for thermal\190619_Whiskers\1008.WAV
49,nf,0.1793,44.0513,44.2306,-45.13,95,95,203,0.082,29.07,C:\Users\vdemartsev\Documents\Thermal\Audio for thermal\190619_Whiskers\1008.WAV
50,nf,0.0306,44.452,44.4826,-45.23,93,93,219,0.091,29.38,C:\Users\vdemartsev\Documents\Thermal\Audio for thermal\190619_Whiskers\1008.WAV
51,nf,0.032,45.1673,45.1993,-48,93,93,204,0.096,32.07,C:\Users\vdemartsev\Documents\Thermal\Audio for thermal\190619_Whiskers\1008.WAV
52,nf,0.0273,45.3673,45.3946,-51,93,93,270,0.098,33.95,C:\Users\vdemartsev\Documents\Thermal\Audio for thermal\190619_Whiskers\1008.WAV
53,nf,0.022,45.6506,45.6726,-55.53,93,93,264,0.09,33.27,C:\Users\vdemartsev\Documents\Thermal\Audio for thermal\190619_Whiskers\1008.WAV
54,nf,0.3433,46.3853,46.7286,-54.97,95,94,203,0.09,31.51,C:\Users\vdemartsev\Documents\Thermal\Audio for thermal\190619_Whiskers\1008.WAV
55,nf,0.0333,47.8233,47.8566,-52.07,93,93,262,0.085,29.38,C:\Users\vdemartsev\Documents\Thermal\Audio for thermal\190619_Whiskers\1008.WAV
56,nf,0.0093,48.3273,48.3366,-57.78,93,93,281,0.106,33.17,C:\Users\vdemartsev\Documents\Thermal\Audio for thermal\190619_Whiskers\1008.WAV
57,nf,0.0146,48.9193,48.9339,-59.44,93,93,232,0.105,32.87,C:\Users\vdemartsev\Documents\Thermal\Audio for thermal\190619_Whiskers\1008.WAV
58,nf,0.1406,49.5386,49.6793,-56.83,93,93,254,0.087,27.16,C:\Users\vdemartsev\Documents\Thermal\Audio for thermal\190619_Whiskers\1008.WAV
59,nf,0.036,49.8586,49.8946,-56.92,93,93,236,0.113,34.94,C:\Users\vdemartsev\Documents\Thermal\Audio for thermal\190619_Whiskers\1008.WAV
60,nf,0.0333,50.1826,50.216,-58.09,93,93,277,0.121,24.51,C:\Users\vdemartsev\Documents\Thermal\Audio for thermal\190619_Whiskers\1008.WAV
61,nf,0.0306,51.5253,51.556,-53.84,203,188,327,0.132,30.01,C:\Users\vdemartsev\Documents\Thermal\Audio for thermal\190619_Whiskers\1008.WAV
62,nf,0.0186,52.1259,52.1446,-58.58,93,93,248,0.135,31.53,C:\Users\vdemartsev\Documents\Thermal\Audio for thermal\190619_Whiskers\1008.WAV
63,nf,0.1693,52.936,53.1053,-51.53,95,95,230,0.083,27.58,C:\Users\vdemartsev\Documents\Thermal\Audio for thermal\190619_Whiskers\1008.WAV
64,nf,0.0393,53.4826,53.5219,-53.74,95,95,192,0.134,24.6,C:\Users\vdemartsev\Documents\Thermal\Audio for thermal\190619_Whiskers\1008.WAV
65,nf,0.1793,53.6473,53.8266,-56.5,97,97,256,0.094,29.17,C:\Users\vdemartsev\Documents\Thermal\Audio for thermal\190619_Whiskers\1008.WAV
66,nf,0.192,54.0239,54.216,-54.52,94,94,208,0.084,28.12,C:\Users\vdemartsev\Documents\Thermal\Audio for thermal\190619_Whiskers\1008.WAV
67,nf,0.2326,55.5,55.7326,-56.62,93,93,234,0.139,32.57,C:\Users\vdemartsev\Documents\Thermal\Audio for thermal\190619_Whiskers\1008.WAV
68,nf,0.128,56.6499,56.778,-56.63,94,94,230,0.122,27.56,C:\Users\vdemartsev\Documents\Thermal\Audio for thermal\190619_Whiskers\1008.WAV
69,nf,0.1606,57.3326,57.4933,-58.57,160,162,287,0.137,30.96,C:\Users\vdemartsev\Documents\Thermal\Audio for thermal\190619_Whiskers\1008.WAV
70,nf,0.2146,59.6653,59.8799,-54.73,130,110,236,0.141,30.7,C:\Users\vdemartsev\Documents\Thermal\Audio for thermal\190619_Whiskers\1008.WAV
71,nf,0.184,60.5799,60.764,-56.11,94,94,231,0.09,30.5,C:\Users\vdemartsev\Documents\Thermal\Audio for thermal\190619_Whiskers\1008.WAV
72,nf,0.0446,61.444,61.4886,-56.95,93,93,268,0.131,33.82,C:\Users\vdemartsev\Documents\Thermal\Audio for thermal\190619_Whiskers\1008.WAV
73,nf,0.4853,62.6933,63.1786,-54.63,108,109,229,0.123,31.2,C:\Users\vdemartsev\Documents\Thermal\Audio for thermal\190619_Whiskers\1008.WAV
74,nf,0.398,63.3799,63.778,-54.04,101,102,232,0.121,29.65,C:\Users\vdemartsev\Documents\Thermal\Audio for thermal\190619_Whiskers\1008.WAV
75,nf,0.356,64.1566,64.5126,-53.79,94,94,206,0.102,30.62,C:\Users\vdemartsev\Documents\Thermal\Audio for thermal\190619_Whiskers\1008.WAV
76,nf,0.026,66.4213,66.4473,-57.04,120,120,283,0.102,34.04,C:\Users\vdemartsev\Documents\Thermal\Audio for thermal\190619_Whiskers\1008.WAV
77,SN,0.0286,66.7853,66.8139,-54.78,698,512,882,0.14,37.63,C:\Users\vdemartsev\Documents\Thermal\Audio for thermal\190619_Whiskers\1008.WAV
78,nf,0.3606,67.5359,67.8966,-56.88,133,131,276,0.101,28.54,C:\Users\vdemartsev\Documents\Thermal\Audio for thermal\190619_Whiskers\1008.WAV
79,SN,0.0326,68.012,68.0446,-53.35,1043,1043,1252,0.125,38.78,C:\Users\vdemartsev\Documents\Thermal\Audio for thermal\190619_Whiskers\1008.WAV
80,nf,0.4793,68.1279,68.6073,-58.76,136,127,264,0.101,28.7,C:\Users\vdemartsev\Documents\Thermal\Audio for thermal\190619_Whiskers\1008.WAV
81,nf,0.05,69.1093,69.1593,-59.64,93,93,252,0.119,30.66,C:\Users\vdemartsev\Documents\Thermal\Audio for thermal\190619_Whiskers\1008.WAV
82,nf,0.1653,70.1093,70.2746,-56.04,95,95,242,0.09,30.13,C:\Users\vdemartsev\Documents\Thermal\Audio for thermal\190619_Whiskers\1008.WAV
83,nf,0.3633,71.3259,71.6893,-51.9,94,94,200,0.085,26.08,C:\Users\vdemartsev\Documents\Thermal\Audio for thermal\190619_Whiskers\1008.WAV
84,nf,0.1253,72.594,72.7193,-52.81,98,98,198,0.094,29.78,C:\Users\vdemartsev\Documents\Thermal\Audio for thermal\190619_Whiskers\1008.WAV
85,nf,0.1186,73.1599,73.2786,-48.99,93,93,213,0.095,31.6,C:\Users\vdemartsev\Documents\Thermal\Audio for thermal\190619_Whiskers\1008.WAV
86,nf,0.22,73.8786,74.0986,-53.94,99,95,209,0.107,29.5,C:\Users\vdemartsev\Documents\Thermal\Audio for thermal\190619_Whiskers\1008.WAV
87,nf,0.0533,74.9546,75.0079,-51.26,94,94,225,0.092,29.99,C:\Users\vdemartsev\Documents\Thermal\Audio for thermal\190619_Whiskers\1008.WAV
88,nf,0.274,75.3853,75.6593,-53.63,93,93,207,0.089,27.95,C:\Users\vdemartsev\Documents\Thermal\Audio for thermal\190619_Whiskers\1008.WAV
89,nf,0.166,76.288,76.454,-51.61,93,93,216,0.093,30.06,C:\Users\vdemartsev\Documents\Thermal\Audio for thermal\190619_Whiskers\1008.WAV
90,nf,0.23,77.3993,77.6293,-55.98,111,98,243,0.102,30.76,C:\Users\vdemartsev\Documents\Thermal\Audio for thermal\190619_Whiskers\1008.WAV
91,nf,0.0373,77.86,77.8973,-51.62,117,93,250,0.097,31.79,C:\Users\vdemartsev\Documents\Thermal\Audio for thermal\190619_Whiskers\1008.WAV
92,nf,0.1333,78.5339,78.6673,-48.12,107,101,244,0.092,32.5,C:\Users\vdemartsev\Documents\Thermal\Audio for thermal\190619_Whiskers\1008.WAV
93,nf,0.3266,78.984,79.3106,-51.4,94,94,197,0.092,29.27,C:\Users\vdemartsev\Documents\Thermal\Audio for thermal\190619_Whiskers\1008.WAV
94,nf,0.0293,79.5733,79.6026,-52.92,132,98,270,0.096,35.28,C:\Users\vdemartsev\Documents\Thermal\Audio for thermal\190619_Whiskers\1008.WAV
95,nf,0.0253,83.2826,83.3079,-58.89,93,93,274,0.106,29.09,C:\Users\vdemartsev\Documents\Thermal\Audio for thermal\190619_Whiskers\1008.WAV
96,nf,0.1426,83.5206,83.6633,-55.99,93,93,247,0.09,31.25,C:\Users\vdemartsev\Documents\Thermal\Audio for thermal\190619_Whiskers\1008.WAV
97,nf,0.0346,86.0606,86.0953,-56.88,93,93,279,0.096,34.32,C:\Users\vdemartsev\Documents\Thermal\Audio for thermal\190619_Whiskers\1008.WAV
98,nf,0.138,86.1326,86.2706,-55.66,110,102,231,0.092,28.63,C:\Users\vdemartsev\Documents\Thermal\Audio for thermal\190619_Whiskers\1008.WAV
99,nf,0.0246,86.4779,86.5026,-60.85,93,93,318,0.116,27.15,C:\Users\vdemartsev\Documents\Thermal\Audio for thermal\190619_Whiskers\1008.WAV
100,nf,0.0346,86.8533,86.888,-47.51,93,93,283,0.092,32.4,C:\Users\vdemartsev\Documents\Thermal\Audio for thermal\190619_Whiskers\1008.WAV
101,nf,0.0533,87.888,87.9413,-59.37,434,387,693,0.157,28.67,C:\Users\vdemartsev\Documents\Thermal\Audio for thermal\190619_Whiskers\1008.WAV
102,nf,0.0353,88.0359,88.0713,-54.54,93,93,251,0.121,36.24,C:\Users\vdemartsev\Documents\Thermal\Audio for thermal\190619_Whiskers\1008.WAV
103,nf,0.1606,90.1653,90.3259,-57.56,153,142,321,0.115,31.81,C:\Users\vdemartsev\Documents\Thermal\Audio for thermal\190619_Whiskers\1008.WAV
104,nf,0.028,91.0426,91.0706,-54.13,93,93,233,0.13,36.09,C:\Users\vdemartsev\Documents\Thermal\Audio for thermal\190619_Whiskers\1008.WAV
105,nf,0.0426,91.9499,91.9926,-58.32,93,93,275,0.127,36.11,C:\Users\vdemartsev\Documents\Thermal\Audio for thermal\190619_Whiskers\1008.WAV
106,nf,0.0513,92.7626,92.8139,-51.21,93,93,250,0.093,34.1,C:\Users\vdemartsev\Documents\Thermal\Audio for thermal\190619_Whiskers\1008.WAV
107,SN,0.0386,97.0893,97.1279,-46.49,1114,1109,1363,0.149,33.91,C:\Users\vdemartsev\Documents\Thermal\Audio for thermal\190619_Whiskers\1008.WAV
108,nf,0.046,100.608,100.6539,-58.28,93,93,274,0.124,36.36,C:\Users\vdemartsev\Documents\Thermal\Audio for thermal\190619_Whiskers\1008.WAV
109,nf,0.0306,101.0993,101.1299,-52.68,93,93,259,0.117,29.76,C:\Users\vdemartsev\Documents\Thermal\Audio for thermal\190619_Whiskers\1008.WAV
110,nf,0.03,102.0486,102.0786,-58.56,93,93,271,0.122,38.4,C:\Users\vdemartsev\Documents\Thermal\Audio for thermal\190619_Whiskers\1008.WAV
111,nf,0.1213,104.3639,104.4853,-61.37,221,311,411,0.29,33.74,C:\Users\vdemartsev\Documents\Thermal\Audio for thermal\190619_Whiskers\1008.WAV
112,nf,0.12,104.9726,105.0926,-57.8,161,161,311,0.119,34.56,C:\Users\vdemartsev\Documents\Thermal\Audio for thermal\190619_Whiskers\1008.WAV
113,nf,0.0146,106.1373,106.152,-59.53,93,93,277,0.126,34.63,C:\Users\vdemartsev\Documents\Thermal\Audio for thermal\190619_Whiskers\1008.WAV
114,nf,0.174,109.8973,110.0713,-55.48,107,104,277,0.131,28.95,C:\Users\vdemartsev\Documents\Thermal\Audio for thermal\190619_Whiskers\1008.WAV
115,nf,0.2953,110.4346,110.7299,-56.44,131,118,279,0.162,28.03,C:\Users\vdemartsev\Documents\Thermal\Audio for thermal\190619_Whiskers\1008.WAV
116,nf,0.0193,111.3846,111.4039,-53.46,103,103,300,0.137,32.27,C:\Users\vdemartsev\Documents\Thermal\Audio for thermal\190619_Whiskers\1008.WAV
117,nf,0.6606,111.984,112.6446,-47.32,97,96,170,0.105,31.13,C:\Users\vdemartsev\Documents\Thermal\Audio for thermal\190619_Whiskers\1008.WAV
118,nf,0.0306,113.3733,113.4039,-53.3,93,93,285,0.108,29.7,C:\Users\vdemartsev\Documents\Thermal\Audio for thermal\190619_Whiskers\1008.WAV
119,nf,0.16,113.8559,114.0159,-51.05,117,102,244,0.108,31.17,C:\Users\vdemartsev\Documents\Thermal\Audio for thermal\190619_Whiskers\1008.WAV
120,nf,0.0233,115.9366,115.9599,-50.89,93,93,250,0.092,34.56,C:\Users\vdemartsev\Documents\Thermal\Audio for thermal\190619_Whiskers\1008.WAV
121,nf,0.022,116.1933,116.2153,-48.45,99,99,339,0.111,31.57,C:\Users\vdemartsev\Documents\Thermal\Audio for thermal\190619_Whiskers\1008.WAV
122,SN,0.0246,118.0253,118.0499,-53.77,1187,1187,1418,0.14,36.43,C:\Users\vdemartsev\Documents\Thermal\Audio for thermal\190619_Whiskers\1008.WAV
123,nf,0.03,120.6326,120.6626,-59.1,93,93,305,0.136,34.82,C:\Users\vdemartsev\Documents\Thermal\Audio for thermal\190619_Whiskers\1008.WAV
124,SN,0.0353,121.0859,121.1213,-47.59,1241,1241,1449,0.13,38.15,C:\Users\vdemartsev\Documents\Thermal\Audio for thermal\190619_Whiskers\1008.WAV
125,nf,0.1466,124.0713,124.2179,-58.84,101,102,235,0.11,27.34,C:\Users\vdemartsev\Documents\Thermal\Audio for thermal\190619_Whiskers\1008.WAV
126,nf,0.1,128.7633,128.8633,-56.52,93,93,267,0.09,30.61,C:\Users\vdemartsev\Documents\Thermal\Audio for thermal\190619_Whiskers\1008.WAV
127,nf,0.0286,129.2026,129.2313,-51.49,93,93,264,0.093,34.02,C:\Users\vdemartsev\Documents\Thermal\Audio for thermal\190619_Whiskers\1008.WAV
128,SN,0.038,129.8873,129.9253,-50.31,1018,988,1323,0.182,28.63,C:\Users\vdemartsev\Documents\Thermal\Audio for thermal\190619_Whiskers\1008.WAV
129,nf,0.144,130.2746,130.4186,-56.41,104,104,253,0.091,32.59,C:\Users\vdemartsev\Documents\Thermal\Audio for thermal\190619_Whiskers\1008.WAV
130,nf,0.2866,130.5733,130.86,-57.86,106,106,244,0.098,28.89,C:\Users\vdemartsev\Documents\Thermal\Audio for thermal\190619_Whiskers\1008.WAV
131,nf,0.0493,131.276,131.3253,-57.5,532,524,667,0.127,34.98,C:\Users\vdemartsev\Documents\Thermal\Audio for thermal\190619_Whiskers\1008.WAV
132,nf,0.218,131.5746,131.7926,-58.27,189,180,318,0.11,29.1,C:\Users\vdemartsev\Documents\Thermal\Audio for thermal\190619_Whiskers\1008.WAV
133,nf,0.1413,132.0253,132.1666,-57.54,183,161,383,0.126,31.66,C:\Users\vdemartsev\Documents\Thermal\Audio for thermal\190619_Whiskers\1008.WAV
134,nf,0.4353,132.49,132.9253,-55.6,146,146,281,0.101,31.14,C:\Users\vdemartsev\Documents\Thermal\Audio for thermal\190619_Whiskers\1008.WAV
135,nf,0.0573,133.4246,133.482,-55.4,211,211,362,0.125,32.95,C:\Users\vdemartsev\Documents\Thermal\Audio for thermal\190619_Whiskers\1008.WAV
136,nf,0.13,133.9333,134.0633,-56.84,94,94,222,0.12,32.05,C:\Users\vdemartsev\Documents\Thermal\Audio for thermal\190619_Whiskers\1008.WAV
137,nf,0.0266,134.8506,134.8773,-59.64,93,93,299,0.134,28.54,C:\Users\vdemartsev\Documents\Thermal\Audio for thermal\190619_Whiskers\1008.WAV
138,nf,0.0346,135.1173,135.152,-57.07,298,281,451,0.121,34.29,C:\Users\vdemartsev\Documents\Thermal\Audio for thermal\190619_Whiskers\1008.WAV
139,nf,0.0306,135.46,135.4906,-59.13,374,268,588,0.153,33.5,C:\Users\vdemartsev\Documents\Thermal\Audio for thermal\190619_Whiskers\1008.WAV
140,nf,0.042,135.7053,135.7473,-56.44,200,185,373,0.144,31.96,C:\Users\vdemartsev\Documents\Thermal\Audio for thermal\190619_Whiskers\1008.WAV
141,nf,0.0206,135.8906,135.9113,-55.21,93,93,243,0.101,30.51,C:\Users\vdemartsev\Documents\Thermal\Audio for thermal\190619_Whiskers\1008.WAV
142,nf,0.03,136.0426,136.0726,-54.51,93,93,267,0.128,33.44,C:\Users\vdemartsev\Documents\Thermal\Audio for thermal\190619_Whiskers\1008.WAV
143,nf,0.114,136.786,136.9,-58.17,93,93,242,0.108,32.02,C:\Users\vdemartsev\Documents\Thermal\Audio for thermal\190619_Whiskers\1008.WAV
144,nf,0.0333,138.5846,138.618,-56.45,127,97,292,0.101,35.88,C:\Users\vdemartsev\Documents\Thermal\Audio for thermal\190619_Whiskers\1008.WAV
145,nf,0.1553,143.2626,143.4179,-55.26,94,94,247,0.097,32.48,C:\Users\vdemartsev\Documents\Thermal\Audio for thermal\190619_Whiskers\1008.WAV
146,nf,0.032,146.6093,146.6413,-55.47,93,93,243,0.1,33.48,C:\Users\vdemartsev\Documents\Thermal\Audio for thermal\190619_Whiskers\1008.WAV
147,nf,0.264,147.6633,147.9273,-56.62,93,93,238,0.101,32.47,C:\Users\vdemartsev\Documents\Thermal\Audio for thermal\190619_Whiskers\1008.WAV
148,nf,0.0333,148.302,148.3353,-60.7,93,93,270,0.131,32.53,C:\Users\vdemartsev\Documents\Thermal\Audio for thermal\190619_Whiskers\1008.WAV
149,nf,0.032,148.9479,148.98,-51.69,93,93,246,0.136,35.87,C:\Users\vdemartsev\Documents\Thermal\Audio for thermal\190619_Whiskers\1008.WAV
150,nf,0.2146,149.656,149.8706,-56.59,181,147,303,0.1,30.05,C:\Users\vdemartsev\Documents\Thermal\Audio for thermal\190619_Whiskers\1008.WAV
151,SN,0.038,151.5973,151.6353,-49.04,1136,1112,1333,0.135,39.97,C:\Users\vdemartsev\Documents\Thermal\Audio for thermal\190619_Whiskers\1008.WAV
152,SN,0.036,151.7233,151.7593,-49.2,979,1016,1198,0.13,35.13,C:\Users\vdemartsev\Documents\Thermal\Audio for thermal\190619_Whiskers\1008.WAV
153,nf,0.046,154.098,154.144,-60.58,96,96,294,0.131,32.27,C:\Users\vdemartsev\Documents\Thermal\Audio for thermal\190619_Whiskers\1008.WAV
154,nf,0.104,154.8146,154.9186,-54.03,93,93,249,0.093,31.27,C:\Users\vdemartsev\Documents\Thermal\Audio for thermal\190619_Whiskers\1008.WAV
155,nf,0.0333,155.732,155.7653,-57.77,93,93,253,0.11,29.35,C:\Users\vdemartsev\Documents\Thermal\Audio for thermal\190619_Whiskers\1008.WAV
156,nf,0.128,156.5086,156.6366,-56.6,94,94,252,0.094,29.31,C:\Users\vdemartsev\Documents\Thermal\Audio for thermal\190619_Whiskers\1008.WAV
157,nf,0.0306,156.9686,156.9993,-62.17,145,145,349,0.124,33.38,C:\Users\vdemartsev\Documents\Thermal\Audio for thermal\190619_Whiskers\1008.WAV
158,nf,0.0373,157.0693,157.1066,-59.23,236,236,422,0.119,33.36,C:\Users\vdemartsev\Documents\Thermal\Audio for thermal\190619_Whiskers\1008.WAV
159,nf,0.4333,157.8226,158.256,-55.97,99,96,229,0.098,29.17,C:\Users\vdemartsev\Documents\Thermal\Audio for thermal\190619_Whiskers\1008.WAV
160,SN,0.0326,158.4479,158.4806,-50.11,993,953,1209,0.14,35.27,C:\Users\vdemartsev\Documents\Thermal\Audio for thermal\190619_Whiskers\1008.WAV
161,SN,0.048,158.5466,158.5946,-48.3,772,759,965,0.133,36.71,C:\Users\vdemartsev\Documents\Thermal\Audio for thermal\190619_Whiskers\1008.WAV
162,SN,0.0446,158.6526,158.6973,-42.75,739,739,952,0.135,36.88,C:\Users\vdemartsev\Documents\Thermal\Audio for thermal\190619_Whiskers\1008.WAV
163,SN,0.0386,160.7233,160.762,-46.7,1112,1100,1372,0.152,34.6,C:\Users\vdemartsev\Documents\Thermal\Audio for thermal\190619_Whiskers\1008.WAV
164,SN,0.0406,160.876,160.9166,-46.55,1113,1121,1382,0.147,34.18,C:\Users\vdemartsev\Documents\Thermal\Audio for thermal\190619_Whiskers\1008.WAV
165,nf,0.128,161.1246,161.2526,-58.23,101,101,252,0.11,31.89,C:\Users\vdemartsev\Documents\Thermal\Audio for thermal\190619_Whiskers\1008.WAV
166,SN,0.0393,162.2246,162.264,-52.8,1006,959,1282,0.192,36.28,C:\Users\vdemartsev\Documents\Thermal\Audio for thermal\190619_Whiskers\1008.WAV
167,SN,0.0386,162.856,162.8946,-47.16,1142,1140,1366,0.145,36.29,C:\Users\vdemartsev\Documents\Thermal\Audio for thermal\190619_Whiskers\1008.WAV
168,SN,0.038,163.8293,163.8673,-45.96,1142,1142,1344,0.141,35.76,C:\Users\vdemartsev\Documents\Thermal\Audio for thermal\190619_Whiskers\1008.WAV
169,SN,0.036,163.9459,163.982,-53.92,761,802,1034,0.188,35.27,C:\Users\vdemartsev\Documents\Thermal\Audio for thermal\190619_Whiskers\1008.WAV
170,nf,0.042,166.396,166.438,-61.82,93,93,282,0.108,31.79,C:\Users\vdemartsev\Documents\Thermal\Audio for thermal\190619_Whiskers\1008.WAV
171,SN,0.0373,166.8226,166.86,-50.77,898,973,1085,0.149,37.82,C:\Users\vdemartsev\Documents\Thermal\Audio for thermal\190619_Whiskers\1008.WAV
172,SN,0.03,166.9673,166.9973,-52.11,848,842,1084,0.175,33.87,C:\Users\vdemartsev\Documents\Thermal\Audio for thermal\190619_Whiskers\1008.WAV
173,nf,0.0333,168.6706,168.704,-53,93,93,272,0.103,33,C:\Users\vdemartsev\Documents\Thermal\Audio for thermal\190619_Whiskers\1008.WAV
174,SN,0.03,171.3906,171.4206,-52.86,342,342,556,0.147,35.12,C:\Users\vdemartsev\Documents\Thermal\Audio for thermal\190619_Whiskers\1008.WAV
175,SN,0.06,171.4986,171.5586,-44.64,663,663,833,0.131,37.2,C:\Users\vdemartsev\Documents\Thermal\Audio for thermal\190619_Whiskers\1008.WAV
176,SN,0.0353,174.0933,174.1286,-48.58,1109,1109,1302,0.136,37.19,C:\Users\vdemartsev\Documents\Thermal\Audio for thermal\190619_Whiskers\1008.WAV
177,MOV,0.2233,174.202,174.4253,-48.63,715,711,914,0.128,37.98,C:\Users\vdemartsev\Documents\Thermal\Audio for thermal\190619_Whiskers\1008.WAV
178,nf,0.0713,174.5106,174.582,-58.35,93,93,269,0.116,30.13,C:\Users\vdemartsev\Documents\Thermal\Audio for thermal\190619_Whiskers\1008.WAV
179,nf,0.1286,175.006,175.1346,-55.03,109,106,227,0.108,32.44,C:\Users\vdemartsev\Documents\Thermal\Audio for thermal\190619_Whiskers\1008.WAV
180,SN,0.0366,176.24,176.2766,-52.04,1048,1044,1240,0.136,36.46,C:\Users\vdemartsev\Documents\Thermal\Audio for thermal\190619_Whiskers\1008.WAV
181,MOV,0.1273,176.3593,176.4866,-52.55,532,529,711,0.126,38.78,C:\Users\vdemartsev\Documents\Thermal\Audio for thermal\190619_Whiskers\1008.WAV
182,SN,0.0513,176.5253,176.5766,-50.37,688,689,902,0.127,37.6,C:\Users\vdemartsev\Documents\Thermal\Audio for thermal\190619_Whiskers\1008.WAV
183,nf,0.322,178.0953,178.4173,-54.62,103,103,221,0.098,31.46,C:\Users\vdemartsev\Documents\Thermal\Audio for thermal\190619_Whiskers\1008.WAV
184,nf,0.1393,181.2633,181.4026,-53.43,119,101,248,0.093,29.5,C:\Users\vdemartsev\Documents\Thermal\Audio for thermal\190619_Whiskers\1008.WAV
185,nf,0.046,182.748,182.794,-58.06,153,98,302,0.157,35.27,C:\Users\vdemartsev\Documents\Thermal\Audio for thermal\190619_Whiskers\1008.WAV
186,nf,0.1766,183.7686,183.9453,-52.92,102,102,215,0.106,31.87,C:\Users\vdemartsev\Documents\Thermal\Audio for thermal\190619_Whiskers\1008.WAV
187,nf,0.0333,184.9713,185.0046,-51.75,93,93,253,0.123,32.92,C:\Users\vdemartsev\Documents\Thermal\Audio for thermal\190619_Whiskers\1008.WAV
188,SN,0.0353,185.3813,185.4166,-47.12,957,957,1182,0.131,35.69,C:\Users\vdemartsev\Documents\Thermal\Audio for thermal\190619_Whiskers\1008.WAV
189,SN,0.0333,188.9113,188.9446,-50.71,726,689,930,0.131,37.78,C:\Users\vdemartsev\Documents\Thermal\Audio for thermal\190619_Whiskers\1008.WAV
190,nf,0.3393,189.47,189.8093,-53.73,95,95,187,0.093,29.23,C:\Users\vdemartsev\Documents\Thermal\Audio for thermal\190619_Whiskers\1008.WAV
191,nf,0.0406,190.6353,190.676,-54.22,93,93,231,0.111,33.82,C:\Users\vdemartsev\Documents\Thermal\Audio for thermal\190619_Whiskers\1008.WAV
192,nf,0.2213,190.9006,191.122,-52.54,181,158,300,0.09,29.55,C:\Users\vdemartsev\Documents\Thermal\Audio for thermal\190619_Whiskers\1008.WAV
193,SN,0.03,191.1526,191.1826,-48.97,924,924,1145,0.131,37.24,C:\Users\vdemartsev\Documents\Thermal\Audio for thermal\190619_Whiskers\1008.WAV
194,MOV,0.1213,191.2666,191.388,-50.33,736,725,948,0.128,40.44,C:\Users\vdemartsev\Documents\Thermal\Audio for thermal\190619_Whiskers\1008.WAV
195,nf,0.0393,191.494,191.5333,-52.09,93,93,201,0.119,33.65,C:\Users\vdemartsev\Documents\Thermal\Audio for thermal\190619_Whiskers\1008.WAV
196,SN,0.086,192.08,192.166,-53.88,114,109,286,0.105,31.2,C:\Users\vdemartsev\Documents\Thermal\Audio for thermal\190619_Whiskers\1008.WAV
197,MOV,0.0873,192.228,192.3153,-52.08,630,630,817,0.124,42.35,C:\Users\vdemartsev\Documents\Thermal\Audio for thermal\190619_Whiskers\1008.WAV
198,MOV,0.1033,192.354,192.4573,-52.71,639,638,838,0.128,39.95,C:\Users\vdemartsev\Documents\Thermal\Audio for thermal\190619_Whiskers\1008.WAV
199,SN,0.0326,193.7946,193.8273,-50.71,825,825,1014,0.134,37.38,C:\Users\vdemartsev\Documents\Thermal\Audio for thermal\190619_Whiskers\1008.WAV
200,SN,0.0313,194.368,194.3993,-50.56,1054,1050,1275,0.128,38.13,C:\Users\vdemartsev\Documents\Thermal\Audio for thermal\190619_Whiskers\1008.WAV
201,nf,0.0406,195.7386,195.7793,-57.11,95,95,252,0.116,35.56,C:\Users\vdemartsev\Documents\Thermal\Audio for thermal\190619_Whiskers\1008.WAV
202,nf,0.0346,196.264,196.2986,-55.15,93,93,247,0.099,31.4,C:\Users\vdemartsev\Documents\Thermal\Audio for thermal\190619_Whiskers\1008.WAV
203,SN,0.0306,196.5913,196.622,-50.77,1165,1165,1370,0.132,36.31,C:\Users\vdemartsev\Documents\Thermal\Audio for thermal\190619_Whiskers\1008.WAV
204,nf,0.2093,196.686,196.8953,-54.54,124,117,235,0.096,29.53,C:\Users\vdemartsev\Documents\Thermal\Audio for thermal\190619_Whiskers\1008.WAV
205,SN,0.042,197.856,197.898,-52.64,93,93,227,0.102,36.03,C:\Users\vdemartsev\Documents\Thermal\Audio for thermal\190619_Whiskers\1008.WAV
206,SN,0.0226,201.0593,201.082,-52.14,460,460,667,0.127,32.97,C:\Users\vdemartsev\Documents\Thermal\Audio for thermal\190619_Whiskers\1008.WAV
207,SN,0.0266,202.1966,202.2233,-55.41,1074,1027,1328,0.133,37.1,C:\Users\vdemartsev\Documents\Thermal\Audio for thermal\190619_Whiskers\1008.WAV
208,SN,0.0473,202.6679,202.7153,-55.46,419,417,761,0.199,28.92,C:\Users\vdemartsev\Documents\Thermal\Audio for thermal\190619_Whiskers\1008.WAV
209,SN,0.03,203.1353,203.1653,-49.19,335,301,529,0.128,34.4,C:\Users\vdemartsev\Documents\Thermal\Audio for thermal\190619_Whiskers\1008.WAV
210,nf,0.0306,203.422,203.4526,-52.16,150,117,311,0.111,28.85,C:\Users\vdemartsev\Documents\Thermal\Audio for thermal\190619_Whiskers\1008.WAV
211,nf,0.0246,203.924,203.9486,-56.52,93,93,259,0.109,32.29,C:\Users\vdemartsev\Documents\Thermal\Audio for thermal\190619_Whiskers\1008.WAV
212,nf,0.2873,206.3273,206.6146,-51.47,95,95,184,0.086,28.91,C:\Users\vdemartsev\Documents\Thermal\Audio for thermal\190619_Whiskers\1008.WAV
213,nf,0.2286,206.7353,206.964,-57.85,167,157,312,0.094,26.54,C:\Users\vdemartsev\Documents\Thermal\Audio for thermal\190619_Whiskers\1008.WAV
214,nf,0.0266,207.4066,207.4333,-53.2,93,93,249,0.101,35.71,C:\Users\vdemartsev\Documents\Thermal\Audio for thermal\190619_Whiskers\1008.WAV
215,nf,0.1793,209.296,209.4753,-52.83,285,282,439,0.105,29.59,C:\Users\vdemartsev\Documents\Thermal\Audio for thermal\190619_Whiskers\1008.WAV
216,SN,0.0306,209.7173,209.748,-51.63,831,817,1041,0.132,37.28,C:\Users\vdemartsev\Documents\Thermal\Audio for thermal\190619_Whiskers\1008.WAV
217,SN,0.0306,209.8726,209.9033,-40.76,93,93,259,0.099,31.36,C:\Users\vdemartsev\Documents\Thermal\Audio for thermal\190619_Whiskers\1008.WAV
218,nf,0.0366,209.9813,210.018,-52.34,93,93,242,0.105,33.02,C:\Users\vdemartsev\Documents\Thermal\Audio for thermal\190619_Whiskers\1008.WAV
219,SN,0.056,210.5293,210.5853,-52.24,273,255,616,0.161,29.75,C:\Users\vdemartsev\Documents\Thermal\Audio for thermal\190619_Whiskers\1008.WAV
220,SN,0.0193,210.6613,210.6806,-56.96,93,93,281,0.133,35.68,C:\Users\vdemartsev\Documents\Thermal\Audio for thermal\190619_Whiskers\1008.WAV
221,SN,0.042,210.732,210.774,-51.26,272,254,448,0.116,35.96,C:\Users\vdemartsev\Documents\Thermal\Audio for thermal\190619_Whiskers\1008.WAV
222,SN,0.0433,210.8926,210.936,-48.92,1009,921,1227,0.156,32.95,C:\Users\vdemartsev\Documents\Thermal\Audio for thermal\190619_Whiskers\1008.WAV
223,SN,0.042,213.0593,213.1013,-54.86,120,107,273,0.12,33.01,C:\Users\vdemartsev\Documents\Thermal\Audio for thermal\190619_Whiskers\1008.WAV
224,nf,0.0973,213.5393,213.6366,-57.35,110,99,434,0.137,31.62,C:\Users\vdemartsev\Documents\Thermal\Audio for thermal\190619_Whiskers\1008.WAV
225,SN,0.044,213.9013,213.9453,-51.28,1039,1026,1263,0.14,35.31,C:\Users\vdemartsev\Documents\Thermal\Audio for thermal\190619_Whiskers\1008.WAV
226,nf,0.128,214.0313,214.1593,-55.68,119,115,396,0.172,32.85,C:\Users\vdemartsev\Documents\Thermal\Audio for thermal\190619_Whiskers\1008.WAV
227,nf,0.0333,214.4613,214.4946,-60.36,168,119,354,0.121,31.48,C:\Users\vdemartsev\Documents\Thermal\Audio for thermal\190619_Whiskers\1008.WAV
228,SN,0.034,214.8946,214.9286,-49.55,898,911,1188,0.18,32.67,C:\Users\vdemartsev\Documents\Thermal\Audio for thermal\190619_Whiskers\1008.WAV
229,nf,0.0946,215.022,215.1166,-54.33,245,223,616,0.165,31.3,C:\Users\vdemartsev\Documents\Thermal\Audio for thermal\190619_Whiskers\1008.WAV
230,nf,0.2953,215.202,215.4973,-55.93,135,135,303,0.107,30.68,C:\Users\vdemartsev\Documents\Thermal\Audio for thermal\190619_Whiskers\1008.WAV
231,nf,0.148,215.664,215.812,-54.58,119,119,273,0.102,30.36,C:\Users\vdemartsev\Documents\Thermal\Audio for thermal\190619_Whiskers\1008.WAV
232,nf,0.2186,215.9106,216.1293,-55.96,127,121,323,0.138,29.22,C:\Users\vdemartsev\Documents\Thermal\Audio for thermal\190619_Whiskers\1008.WAV
233,nf,0.2786,216.1766,216.4553,-54.84,210,191,335,0.114,34.37,C:\Users\vdemartsev\Documents\Thermal\Audio for thermal\190619_Whiskers\1008.WAV
234,nf,0.1666,216.5873,216.7539,-57.95,94,94,247,0.094,29.1,C:\Users\vdemartsev\Documents\Thermal\Audio for thermal\190619_Whiskers\1008.WAV
235,nf,0.2486,216.9313,217.18,-55.59,135,122,266,0.111,29.5,C:\Users\vdemartsev\Documents\Thermal\Audio for thermal\190619_Whiskers\1008.WAV
236,nf,0.624,217.2446,217.8686,-54.97,99,96,228,0.105,28.49,C:\Users\vdemartsev\Documents\Thermal\Audio for thermal\190619_Whiskers\1008.WAV
237,nf,0.8106,219.1286,219.9393,-53.74,140,137,236,0.106,28.73,C:\Users\vdemartsev\Documents\Thermal\Audio for thermal\190619_Whiskers\1008.WAV
238,nf,1.114,220.494,221.608,-50.07,156,144,252,0.13,31.89,C:\Users\vdemartsev\Documents\Thermal\Audio for thermal\190619_Whiskers\1008.WAV
1,SN,0.0486,9.164,9.2126,-40.29,360,346,535,0.148,34.42,C:\Users\vdemartsev\Documents\Thermal\Audio for thermal\190619_Whiskers\1010.WAV
2,SN,0.0486,9.2453,9.294,-42.45,370,355,552,0.146,33.16,C:\Users\vdemartsev\Documents\Thermal\Audio for thermal\190619_Whiskers\1010.WAV
3,SN,0.046,10.5653,10.6113,-45.93,508,540,685,0.14,32.89,C:\Users\vdemartsev\Documents\Thermal\Audio for thermal\190619_Whiskers\1010.WAV
4,SN,0.0466,10.698,10.7446,-42.64,93,93,269,0.143,32.91,C:\Users\vdemartsev\Documents\Thermal\Audio for thermal\190619_Whiskers\1010.WAV
5,SN,0.032,10.8953,10.9273,-44.31,93,93,231,0.166,34.33,C:\Users\vdemartsev\Documents\Thermal\Audio for thermal\190619_Whiskers\1010.WAV
6,SN,0.038,14.6866,14.7246,-25.8,93,93,203,0.104,35.04,C:\Users\vdemartsev\Documents\Thermal\Audio for thermal\190619_Whiskers\1010.WAV
7,SN,0.042,14.7833,14.8253,-35.12,93,93,262,0.123,36.18,C:\Users\vdemartsev\Documents\Thermal\Audio for thermal\190619_Whiskers\1010.WAV
8,SN,0.0466,18.74,18.7866,-47.71,609,520,841,0.151,32.85,C:\Users\vdemartsev\Documents\Thermal\Audio for thermal\190619_Whiskers\1010.WAV
9,SN,0.0593,18.8239,18.8833,-47.2,505,495,688,0.161,36.53,C:\Users\vdemartsev\Documents\Thermal\Audio for thermal\190619_Whiskers\1010.WAV
10,SN,0.0506,19.7293,19.7799,-43.99,642,609,824,0.149,34.73,C:\Users\vdemartsev\Documents\Thermal\Audio for thermal\190619_Whiskers\1010.WAV
11,SN,0.0466,19.8366,19.8833,-36.86,141,93,253,0.133,34.82,C:\Users\vdemartsev\Documents\Thermal\Audio for thermal\190619_Whiskers\1010.WAV
12,SN,0.034,21.952,21.986,-35.45,307,307,430,0.125,37.1,C:\Users\vdemartsev\Documents\Thermal\Audio for thermal\190619_Whiskers\1010.WAV
13,SN,0.0466,22.0313,22.0779,-41.82,297,234,472,0.156,35.71,C:\Users\vdemartsev\Documents\Thermal\Audio for thermal\190619_Whiskers\1010.WAV
14,SN,0.038,35.2913,35.3293,-46.71,763,758,1089,0.181,32.53,C:\Users\vdemartsev\Documents\Thermal\Audio for thermal\190619_Whiskers\1010.WAV
15,SN,0.044,35.5126,35.5566,-46.96,666,595,899,0.161,35.57,C:\Users\vdemartsev\Documents\Thermal\Audio for thermal\190619_Whiskers\1010.WAV
16,SN,0.0426,50.5319,50.5746,-42.44,592,566,796,0.151,34.45,C:\Users\vdemartsev\Documents\Thermal\Audio for thermal\190619_Whiskers\1010.WAV
17,SN,0.0466,50.6159,50.6626,-37.88,172,172,289,0.147,36.33,C:\Users\vdemartsev\Documents\Thermal\Audio for thermal\190619_Whiskers\1010.WAV
18,SN,0.0313,60.8466,60.8779,-38.63,449,401,621,0.142,36.03,C:\Users\vdemartsev\Documents\Thermal\Audio for thermal\190619_Whiskers\1010.WAV
19,SN,0.0313,60.93,60.9613,-39.03,230,196,378,0.157,36.86,C:\Users\vdemartsev\Documents\Thermal\Audio for thermal\190619_Whiskers\1010.WAV
20,SN,0.0466,61.0993,61.146,-35.47,151,146,277,0.131,32.31,C:\Users\vdemartsev\Documents\Thermal\Audio for thermal\190619_Whiskers\1010.WAV
21,SN,0.0446,62.4813,62.5259,-45.94,464,486,641,0.138,34.55,C:\Users\vdemartsev\Documents\Thermal\Audio for thermal\190619_Whiskers\1010.WAV
1,nf,0.1693,10.2806,10.45,-68.68,764,901,1080,0.338,36,C:\Users\vdemartsev\Documents\Thermal\Audio for thermal\200619_Lazuli\1006.WAV
2,nf,0.064,12.9599,13.0239,-67.14,898,797,1290,0.336,36,C:\Users\vdemartsev\Documents\Thermal\Audio for thermal\200619_Lazuli\1006.WAV
3,nf,1.222,15.8679,17.09,-69.21,443,423,602,0.358,36.06,C:\Users\vdemartsev\Documents\Thermal\Audio for thermal\200619_Lazuli\1006.WAV
4,nf,0.196,28.4406,28.6366,-64.87,690,589,1119,0.324,35.97,C:\Users\vdemartsev\Documents\Thermal\Audio for thermal\200619_Lazuli\1006.WAV
5,nf,0.4113,31.5873,31.9986,-56.98,559,484,585,0.31,36.08,C:\Users\vdemartsev\Documents\Thermal\Audio for thermal\200619_Lazuli\1006.WAV
6,nf,0.1666,32.3326,32.4993,-65.35,424,356,615,0.328,36.06,C:\Users\vdemartsev\Documents\Thermal\Audio for thermal\200619_Lazuli\1006.WAV
7,nf,0.0386,33.5519,33.5906,-65.94,549,261,1026,0.362,36.1,C:\Users\vdemartsev\Documents\Thermal\Audio for thermal\200619_Lazuli\1006.WAV
8,nf,0.186,34.2746,34.4606,-71.12,960,1009,1306,0.376,36.13,C:\Users\vdemartsev\Documents\Thermal\Audio for thermal\200619_Lazuli\1006.WAV
9,nf,0.0193,38.8573,38.8766,-68.23,715,737,1318,0.319,36.04,C:\Users\vdemartsev\Documents\Thermal\Audio for thermal\200619_Lazuli\1006.WAV
10,nf,0.0266,53.806,53.8326,-70.55,969,932,1264,0.342,36.05,C:\Users\vdemartsev\Documents\Thermal\Audio for thermal\200619_Lazuli\1006.WAV
11,SN,0.0533,71.332,71.3853,-69.27,879,779,1223,0.331,36,C:\Users\vdemartsev\Documents\Thermal\Audio for thermal\200619_Lazuli\1006.WAV
12,SN,0.05,71.4133,71.4633,-66.31,986,943,1322,0.278,36.08,C:\Users\vdemartsev\Documents\Thermal\Audio for thermal\200619_Lazuli\1006.WAV
13,nf,0.0266,78.3366,78.3633,-69.76,820,699,1179,0.295,36,C:\Users\vdemartsev\Documents\Thermal\Audio for thermal\200619_Lazuli\1006.WAV
14,nf,0.0433,82.3293,82.3726,-68.21,1018,778,1214,0.304,35.94,C:\Users\vdemartsev\Documents\Thermal\Audio for thermal\200619_Lazuli\1006.WAV
15,nf,0.042,90.3606,90.4026,-68.51,744,756,1123,0.295,36.04,C:\Users\vdemartsev\Documents\Thermal\Audio for thermal\200619_Lazuli\1006.WAV
16,nf,0.0473,90.472,90.5193,-68.21,721,711,1139,0.267,35.96,C:\Users\vdemartsev\Documents\Thermal\Audio for thermal\200619_Lazuli\1006.WAV
17,nf,0.0353,97.1619,97.1973,-67.6,450,375,635,0.305,36.05,C:\Users\vdemartsev\Documents\Thermal\Audio for thermal\200619_Lazuli\1006.WAV
18,nf,0.0386,97.2239,97.2626,-67.16,738,614,920,0.293,36.05,C:\Users\vdemartsev\Documents\Thermal\Audio for thermal\200619_Lazuli\1006.WAV
19,nf,0.0333,98.6266,98.6599,-68.61,652,677,865,0.3,36,C:\Users\vdemartsev\Documents\Thermal\Audio for thermal\200619_Lazuli\1006.WAV
20,nf,0.0333,101.3259,101.3593,-70.61,1042,1387,1433,0.341,35.95,C:\Users\vdemartsev\Documents\Thermal\Audio for thermal\200619_Lazuli\1006.WAV
21,nf,0.0433,101.4353,101.4786,-69.05,1037,796,1258,0.305,36.02,C:\Users\vdemartsev\Documents\Thermal\Audio for thermal\200619_Lazuli\1006.WAV
22,SN,0.1206,113.0253,113.1459,-66.75,1089,802,1416,0.343,36,C:\Users\vdemartsev\Documents\Thermal\Audio for thermal\200619_Lazuli\1006.WAV
23,SN,0.1346,113.22,113.3546,-67.93,1003,944,1389,0.333,36.02,C:\Users\vdemartsev\Documents\Thermal\Audio for thermal\200619_Lazuli\1006.WAV
24,nf,0.0226,114.8486,114.8713,-68.35,1113,1067,1473,0.299,36.16,C:\Users\vdemartsev\Documents\Thermal\Audio for thermal\200619_Lazuli\1006.WAV
25,nf,0.0526,136.9386,136.9913,-68.63,623,543,924,0.326,36.02,C:\Users\vdemartsev\Documents\Thermal\Audio for thermal\200619_Lazuli\1006.WAV
26,nf,0.0366,177.042,177.0786,-69.09,767,757,1126,0.284,36.08,C:\Users\vdemartsev\Documents\Thermal\Audio for thermal\200619_Lazuli\1006.WAV
27,nf,0.03,177.1566,177.1866,-70.62,738,609,1145,0.347,35.94,C:\Users\vdemartsev\Documents\Thermal\Audio for thermal\200619_Lazuli\1006.WAV
28,nf,0.0166,177.276,177.2926,-71.25,741,709,1121,0.338,36,C:\Users\vdemartsev\Documents\Thermal\Audio for thermal\200619_Lazuli\1006.WAV
29,nf,0.0506,188.3266,188.3773,-69.69,640,553,959,0.343,36,C:\Users\vdemartsev\Documents\Thermal\Audio for thermal\200619_Lazuli\1006.WAV
30,nf,0.0146,188.4153,188.43,-69,669,674,1210,0.355,36,C:\Users\vdemartsev\Documents\Thermal\Audio for thermal\200619_Lazuli\1006.WAV
31,nf,0.03,212.3186,212.3486,-70.43,682,603,1196,0.318,35.95,C:\Users\vdemartsev\Documents\Thermal\Audio for thermal\200619_Lazuli\1006.WAV
32,SN,0.02,217.6966,217.7166,-63.9,1173,1233,1412,0.276,36.16,C:\Users\vdemartsev\Documents\Thermal\Audio for thermal\200619_Lazuli\1006.WAV
33,nf,0.022,217.8826,217.9046,-62.67,93,93,193,0.26,36.02,C:\Users\vdemartsev\Documents\Thermal\Audio for thermal\200619_Lazuli\1006.WAV
1,nf,0.274,8.3066,8.5806,-48.99,108,108,246,0.103,30.01,C:\Users\vdemartsev\Documents\Thermal\Audio for thermal\230619_Whiskers\1004.WAV
2,nf,0.1553,8.8193,8.9746,-47.97,93,93,209,0.097,25.56,C:\Users\vdemartsev\Documents\Thermal\Audio for thermal\230619_Whiskers\1004.WAV
3,nf,0.1953,11.242,11.4373,-52.77,120,122,248,0.102,29.77,C:\Users\vdemartsev\Documents\Thermal\Audio for thermal\230619_Whiskers\1004.WAV
4,nf,0.1506,11.9566,12.1073,-51.85,132,108,279,0.112,31.62,C:\Users\vdemartsev\Documents\Thermal\Audio for thermal\230619_Whiskers\1004.WAV
5,nf,0.1553,12.3893,12.5446,-48.86,94,94,226,0.084,28.81,C:\Users\vdemartsev\Documents\Thermal\Audio for thermal\230619_Whiskers\1004.WAV
6,nf,0.1466,15.4279,15.5746,-50.65,97,93,224,0.093,28.38,C:\Users\vdemartsev\Documents\Thermal\Audio for thermal\230619_Whiskers\1004.WAV
7,nf,0.048,15.99,16.038,-51.93,93,93,278,0.127,29.54,C:\Users\vdemartsev\Documents\Thermal\Audio for thermal\230619_Whiskers\1004.WAV
8,nf,0.1553,16.538,16.6933,-49.19,94,94,240,0.081,30.27,C:\Users\vdemartsev\Documents\Thermal\Audio for thermal\230619_Whiskers\1004.WAV
9,nf,0.1953,17.702,17.8973,-49.95,102,102,242,0.098,31.79,C:\Users\vdemartsev\Documents\Thermal\Audio for thermal\230619_Whiskers\1004.WAV
10,nf,0.022,22.5639,22.5859,-46.02,93,93,248,0.09,34.06,C:\Users\vdemartsev\Documents\Thermal\Audio for thermal\230619_Whiskers\1004.WAV
11,nf,0.156,22.9919,23.1479,-47.48,94,94,218,0.088,26.89,C:\Users\vdemartsev\Documents\Thermal\Audio for thermal\230619_Whiskers\1004.WAV
12,nf,0.2313,23.7186,23.9499,-49.43,93,93,201,0.082,22.43,C:\Users\vdemartsev\Documents\Thermal\Audio for thermal\230619_Whiskers\1004.WAV
13,nf,0.4233,25.2479,25.6713,-50.61,99,95,226,0.09,28.59,C:\Users\vdemartsev\Documents\Thermal\Audio for thermal\230619_Whiskers\1004.WAV
14,SN,0.0486,26.108,26.1566,-51.51,155,132,285,0.137,34.5,C:\Users\vdemartsev\Documents\Thermal\Audio for thermal\230619_Whiskers\1004.WAV
15,SN,0.0366,26.2346,26.2713,-50.35,669,658,852,0.121,38.17,C:\Users\vdemartsev\Documents\Thermal\Audio for thermal\230619_Whiskers\1004.WAV
16,SN,0.032,26.3799,26.4119,-50.99,378,378,579,0.127,34.36,C:\Users\vdemartsev\Documents\Thermal\Audio for thermal\230619_Whiskers\1004.WAV
17,nf,0.1773,26.9566,27.1339,-50.85,108,105,263,0.098,29.95,C:\Users\vdemartsev\Documents\Thermal\Audio for thermal\230619_Whiskers\1004.WAV
18,nf,0.178,28.2046,28.3826,-48.48,96,96,256,0.092,29.84,C:\Users\vdemartsev\Documents\Thermal\Audio for thermal\230619_Whiskers\1004.WAV
19,nf,0.1733,28.7513,28.9246,-45.7,95,95,214,0.092,32.94,C:\Users\vdemartsev\Documents\Thermal\Audio for thermal\230619_Whiskers\1004.WAV
20,nf,0.1553,29.5986,29.754,-48.97,93,93,215,0.096,32.62,C:\Users\vdemartsev\Documents\Thermal\Audio for thermal\230619_Whiskers\1004.WAV
21,nf,0.1373,30.0046,30.142,-48.69,93,93,241,0.085,30.66,C:\Users\vdemartsev\Documents\Thermal\Audio for thermal\230619_Whiskers\1004.WAV
22,nf,0.262,31.5026,31.7646,-51.15,101,101,210,0.084,25.59,C:\Users\vdemartsev\Documents\Thermal\Audio for thermal\230619_Whiskers\1004.WAV
23,nf,0.1466,32.7773,32.924,-52.22,94,94,239,0.082,28.22,C:\Users\vdemartsev\Documents\Thermal\Audio for thermal\230619_Whiskers\1004.WAV
24,nf,0.044,33.5666,33.6106,-53.07,93,93,258,0.103,30.4,C:\Users\vdemartsev\Documents\Thermal\Audio for thermal\230619_Whiskers\1004.WAV
25,nf,0.3386,34.3426,34.6813,-51.04,109,105,229,0.099,30.62,C:\Users\vdemartsev\Documents\Thermal\Audio for thermal\230619_Whiskers\1004.WAV
26,nf,0.178,36.5346,36.7126,-53.3,103,97,235,0.092,27.38,C:\Users\vdemartsev\Documents\Thermal\Audio for thermal\230619_Whiskers\1004.WAV
27,nf,0.182,36.9853,37.1673,-51.95,94,94,216,0.081,22.64,C:\Users\vdemartsev\Documents\Thermal\Audio for thermal\230619_Whiskers\1004.WAV
28,nf,0.1693,38.9153,39.0846,-52.83,93,93,228,0.092,31.53,C:\Users\vdemartsev\Documents\Thermal\Audio for thermal\230619_Whiskers\1004.WAV
29,nf,0.0573,39.7939,39.8513,-52.99,93,93,226,0.095,30.69,C:\Users\vdemartsev\Documents\Thermal\Audio for thermal\230619_Whiskers\1004.WAV
30,nf,0.062,40.4266,40.4886,-52.51,93,93,207,0.099,25.56,C:\Users\vdemartsev\Documents\Thermal\Audio for thermal\230619_Whiskers\1004.WAV
31,nf,0.062,41.9033,41.9653,-51.46,132,113,297,0.128,28.46,C:\Users\vdemartsev\Documents\Thermal\Audio for thermal\230619_Whiskers\1004.WAV
32,nf,0.044,42.2599,42.304,-50.56,93,93,249,0.085,35,C:\Users\vdemartsev\Documents\Thermal\Audio for thermal\230619_Whiskers\1004.WAV
33,nf,0.1553,42.5453,42.7006,-51.4,94,94,240,0.083,25.82,C:\Users\vdemartsev\Documents\Thermal\Audio for thermal\230619_Whiskers\1004.WAV
34,nf,0.178,44.4873,44.6653,-54.3,100,94,238,0.099,20.21,C:\Users\vdemartsev\Documents\Thermal\Audio for thermal\230619_Whiskers\1004.WAV
35,nf,0.4186,45.0313,45.45,-50.24,100,100,240,0.091,27.3,C:\Users\vdemartsev\Documents\Thermal\Audio for thermal\230619_Whiskers\1004.WAV
36,nf,0.2893,47.778,48.0673,-49.83,95,95,201,0.093,28,C:\Users\vdemartsev\Documents\Thermal\Audio for thermal\230619_Whiskers\1004.WAV
37,nf,0.16,48.848,49.0079,-51.94,137,138,262,0.089,21.83,C:\Users\vdemartsev\Documents\Thermal\Audio for thermal\230619_Whiskers\1004.WAV
38,nf,0.2093,51.2446,51.4539,-54.02,150,124,303,0.107,27.85,C:\Users\vdemartsev\Documents\Thermal\Audio for thermal\230619_Whiskers\1004.WAV
39,SN,0.0973,51.7846,51.882,-48.92,212,206,348,0.112,31.41,C:\Users\vdemartsev\Documents\Thermal\Audio for thermal\230619_Whiskers\1004.WAV
40,nf,0.1733,52.7786,52.952,-52.25,155,147,301,0.097,33.59,C:\Users\vdemartsev\Documents\Thermal\Audio for thermal\230619_Whiskers\1004.WAV
41,nf,0.258,53.826,54.084,-51.39,118,116,255,0.098,29.77,C:\Users\vdemartsev\Documents\Thermal\Audio for thermal\230619_Whiskers\1004.WAV
42,nf,0.1693,55.4553,55.6246,-51.4,108,108,219,0.098,31.67,C:\Users\vdemartsev\Documents\Thermal\Audio for thermal\230619_Whiskers\1004.WAV
43,nf,0.3073,55.7586,56.0659,-52.03,111,103,229,0.103,29.08,C:\Users\vdemartsev\Documents\Thermal\Audio for thermal\230619_Whiskers\1004.WAV
44,nf,0.16,58.0546,58.2146,-51.53,130,110,266,0.085,27.28,C:\Users\vdemartsev\Documents\Thermal\Audio for thermal\230619_Whiskers\1004.WAV
45,nf,0.1686,59.4193,59.5879,-47.91,107,107,313,0.11,30.29,C:\Users\vdemartsev\Documents\Thermal\Audio for thermal\230619_Whiskers\1004.WAV
46,nf,0.1866,60.006,60.1926,-47.57,95,95,244,0.086,27.32,C:\Users\vdemartsev\Documents\Thermal\Audio for thermal\230619_Whiskers\1004.WAV
47,nf,0.2626,61.3033,61.5659,-49.29,94,94,230,0.089,27.69,C:\Users\vdemartsev\Documents\Thermal\Audio for thermal\230619_Whiskers\1004.WAV
48,nf,0.062,62.3866,62.4486,-53.86,94,94,231,0.095,30.29,C:\Users\vdemartsev\Documents\Thermal\Audio for thermal\230619_Whiskers\1004.WAV
49,SN,0.066,63.506,63.5719,-49.76,506,506,669,0.108,32.35,C:\Users\vdemartsev\Documents\Thermal\Audio for thermal\230619_Whiskers\1004.WAV
50,nf,0.0393,64.2726,64.3119,-48.42,93,93,257,0.089,33.16,C:\Users\vdemartsev\Documents\Thermal\Audio for thermal\230619_Whiskers\1004.WAV
51,nf,0.4853,65.9919,66.4773,-48.89,115,110,218,0.091,26.74,C:\Users\vdemartsev\Documents\Thermal\Audio for thermal\230619_Whiskers\1004.WAV
52,nf,0.0573,66.7766,66.834,-48.64,93,93,211,0.082,29.99,C:\Users\vdemartsev\Documents\Thermal\Audio for thermal\230619_Whiskers\1004.WAV
53,SN,0.0433,67.0306,67.0739,-50.9,135,135,304,0.113,38.93,C:\Users\vdemartsev\Documents\Thermal\Audio for thermal\230619_Whiskers\1004.WAV
54,SN,0.0673,67.0946,67.162,-47.15,93,93,270,0.139,26.11,C:\Users\vdemartsev\Documents\Thermal\Audio for thermal\230619_Whiskers\1004.WAV
55,nf,0.1686,70.8646,71.0333,-50.9,131,98,281,0.113,28.22,C:\Users\vdemartsev\Documents\Thermal\Audio for thermal\230619_Whiskers\1004.WAV
56,SN,0.1106,71.7493,71.86,-47.32,182,177,319,0.113,31.62,C:\Users\vdemartsev\Documents\Thermal\Audio for thermal\230619_Whiskers\1004.WAV
57,nf,0.0393,72.5466,72.5859,-52.21,132,132,276,0.114,39.37,C:\Users\vdemartsev\Documents\Thermal\Audio for thermal\230619_Whiskers\1004.WAV
58,SN,0.048,72.8139,72.862,-54.82,454,412,635,0.137,38.89,C:\Users\vdemartsev\Documents\Thermal\Audio for thermal\230619_Whiskers\1004.WAV
59,SN,0.06,72.9479,73.0079,-48.3,265,265,423,0.123,36.49,C:\Users\vdemartsev\Documents\Thermal\Audio for thermal\230619_Whiskers\1004.WAV
60,SN,0.0493,73.0859,73.1353,-49.19,524,524,732,0.126,37.24,C:\Users\vdemartsev\Documents\Thermal\Audio for thermal\230619_Whiskers\1004.WAV
61,SN,0.0566,75.2119,75.2686,-48.79,93,93,233,0.091,32.78,C:\Users\vdemartsev\Documents\Thermal\Audio for thermal\230619_Whiskers\1004.WAV
62,SN,0.0526,75.3366,75.3893,-51.21,94,95,246,0.115,28.15,C:\Users\vdemartsev\Documents\Thermal\Audio for thermal\230619_Whiskers\1004.WAV
63,nf,0.2806,76.276,76.5566,-50.47,100,94,237,0.083,26.52,C:\Users\vdemartsev\Documents\Thermal\Audio for thermal\230619_Whiskers\1004.WAV
64,nf,0.0573,76.9359,76.9933,-50.09,172,165,321,0.105,33.41,C:\Users\vdemartsev\Documents\Thermal\Audio for thermal\230619_Whiskers\1004.WAV
65,nf,0.298,78.0019,78.2999,-50.57,99,96,221,0.088,29.58,C:\Users\vdemartsev\Documents\Thermal\Audio for thermal\230619_Whiskers\1004.WAV
66,nf,0.3073,79.6806,79.9879,-52.45,108,108,231,0.086,22.26,C:\Users\vdemartsev\Documents\Thermal\Audio for thermal\230619_Whiskers\1004.WAV
67,nf,0.0486,80.5413,80.5899,-48.11,93,93,231,0.106,33.52,C:\Users\vdemartsev\Documents\Thermal\Audio for thermal\230619_Whiskers\1004.WAV
68,nf,0.1333,81.29,81.4233,-48.03,93,93,224,0.085,28.55,C:\Users\vdemartsev\Documents\Thermal\Audio for thermal\230619_Whiskers\1004.WAV
69,nf,0.3073,82.1506,82.458,-50.61,93,93,223,0.094,26.34,C:\Users\vdemartsev\Documents\Thermal\Audio for thermal\230619_Whiskers\1004.WAV
70,SN,0.0473,84.4606,84.5079,-52.73,93,93,264,0.123,39,C:\Users\vdemartsev\Documents\Thermal\Audio for thermal\230619_Whiskers\1004.WAV
71,SN,0.0546,84.5853,84.6399,-46.62,488,488,684,0.126,37.5,C:\Users\vdemartsev\Documents\Thermal\Audio for thermal\230619_Whiskers\1004.WAV
72,SN,0.038,84.7606,84.7986,-48.72,399,399,581,0.127,34.48,C:\Users\vdemartsev\Documents\Thermal\Audio for thermal\230619_Whiskers\1004.WAV
73,nf,0.294,85.0439,85.3379,-51.71,93,93,205,0.091,27.72,C:\Users\vdemartsev\Documents\Thermal\Audio for thermal\230619_Whiskers\1004.WAV
74,nf,0.0573,86.4693,86.5266,-48.34,119,119,278,0.103,30.03,C:\Users\vdemartsev\Documents\Thermal\Audio for thermal\230619_Whiskers\1004.WAV
75,nf,0.1646,87.0353,87.1999,-50.57,96,96,230,0.093,31.67,C:\Users\vdemartsev\Documents\Thermal\Audio for thermal\230619_Whiskers\1004.WAV
76,nf,0.3066,87.4146,87.7213,-49.98,108,100,225,0.088,27.7,C:\Users\vdemartsev\Documents\Thermal\Audio for thermal\230619_Whiskers\1004.WAV
77,SN,0.0393,89.5106,89.5499,-51.63,303,258,465,0.119,34.64,C:\Users\vdemartsev\Documents\Thermal\Audio for thermal\230619_Whiskers\1004.WAV
78,nf,0.1326,90.5133,90.6459,-46.65,93,93,247,0.087,28.32,C:\Users\vdemartsev\Documents\Thermal\Audio for thermal\230619_Whiskers\1004.WAV
79,nf,0.0173,93.4493,93.4666,-50.21,93,93,274,0.106,36.3,C:\Users\vdemartsev\Documents\Thermal\Audio for thermal\230619_Whiskers\1004.WAV
80,nf,0.3693,95.068,95.4373,-47.46,93,93,213,0.087,28.51,C:\Users\vdemartsev\Documents\Thermal\Audio for thermal\230619_Whiskers\1004.WAV
81,nf,0.142,96.1066,96.2486,-48.74,94,94,233,0.091,27.99,C:\Users\vdemartsev\Documents\Thermal\Audio for thermal\230619_Whiskers\1004.WAV
82,nf,0.1553,97.6206,97.776,-52.81,122,122,262,0.094,24.15,C:\Users\vdemartsev\Documents\Thermal\Audio for thermal\230619_Whiskers\1004.WAV
83,nf,0.2353,99.2393,99.4746,-43.68,98,98,275,0.103,28.45,C:\Users\vdemartsev\Documents\Thermal\Audio for thermal\230619_Whiskers\1004.WAV
84,SN,0.0386,100.3119,100.3506,-45.25,93,93,263,0.1,34.25,C:\Users\vdemartsev\Documents\Thermal\Audio for thermal\230619_Whiskers\1004.WAV
85,SN,0.028,100.4606,100.4886,-41.46,93,93,233,0.097,32.88,C:\Users\vdemartsev\Documents\Thermal\Audio for thermal\230619_Whiskers\1004.WAV
86,SN,0.026,100.5786,100.6046,-49.44,175,175,358,0.128,33.63,C:\Users\vdemartsev\Documents\Thermal\Audio for thermal\230619_Whiskers\1004.WAV
87,nf,0.3293,101.5126,101.8419,-40.19,111,109,201,0.104,31.97,C:\Users\vdemartsev\Documents\Thermal\Audio for thermal\230619_Whiskers\1004.WAV
88,SN,0.0673,102.7746,102.8419,-43.59,93,93,239,0.104,33.69,C:\Users\vdemartsev\Documents\Thermal\Audio for thermal\230619_Whiskers\1004.WAV
89,SN,0.0613,102.8559,102.9173,-43.29,93,93,218,0.119,27.54,C:\Users\vdemartsev\Documents\Thermal\Audio for thermal\230619_Whiskers\1004.WAV
90,SN,0.044,102.9939,103.038,-46.01,103,104,221,0.112,29.63,C:\Users\vdemartsev\Documents\Thermal\Audio for thermal\230619_Whiskers\1004.WAV
91,SN,0.0573,103.11,103.1673,-44.92,93,93,270,0.084,28.85,C:\Users\vdemartsev\Documents\Thermal\Audio for thermal\230619_Whiskers\1004.WAV
92,nf,0.218,104.748,104.9659,-48.73,93,93,239,0.097,28.38,C:\Users\vdemartsev\Documents\Thermal\Audio for thermal\230619_Whiskers\1004.WAV
93,nf,0.0393,105.6353,105.6746,-54.55,93,93,254,0.113,38.89,C:\Users\vdemartsev\Documents\Thermal\Audio for thermal\230619_Whiskers\1004.WAV
94,SN,0.062,106.3093,106.3713,-47.11,93,93,241,0.089,27.3,C:\Users\vdemartsev\Documents\Thermal\Audio for thermal\230619_Whiskers\1004.WAV
95,SN,0.0526,106.4119,106.4646,-44.67,93,93,221,0.104,30.04,C:\Users\vdemartsev\Documents\Thermal\Audio for thermal\230619_Whiskers\1004.WAV
96,SN,0.0573,106.5813,106.6386,-49.53,93,93,218,0.12,30.05,C:\Users\vdemartsev\Documents\Thermal\Audio for thermal\230619_Whiskers\1004.WAV
97,SN,0.0493,106.7226,106.7719,-46.49,488,441,667,0.134,32.23,C:\Users\vdemartsev\Documents\Thermal\Audio for thermal\230619_Whiskers\1004.WAV
98,nf,0.1506,108.8586,109.0093,-44.83,97,97,234,0.091,31.25,C:\Users\vdemartsev\Documents\Thermal\Audio for thermal\230619_Whiskers\1004.WAV
99,nf,0.1153,110.444,110.5593,-42.99,93,93,229,0.084,32.29,C:\Users\vdemartsev\Documents\Thermal\Audio for thermal\230619_Whiskers\1004.WAV
100,nf,0.1913,111.4606,111.652,-44.78,93,93,209,0.088,31.56,C:\Users\vdemartsev\Documents\Thermal\Audio for thermal\230619_Whiskers\1004.WAV
101,nf,0.1553,111.8259,111.9813,-45.97,94,94,232,0.087,29.89,C:\Users\vdemartsev\Documents\Thermal\Audio for thermal\230619_Whiskers\1004.WAV
102,nf,0.1866,112.8826,113.0693,-48.33,108,96,234,0.094,28.56,C:\Users\vdemartsev\Documents\Thermal\Audio for thermal\230619_Whiskers\1004.WAV
103,nf,0.5253,113.7033,114.2286,-48.96,97,96,225,0.085,27.36,C:\Users\vdemartsev\Documents\Thermal\Audio for thermal\230619_Whiskers\1004.WAV
104,SN,0.0813,114.456,114.5373,-49.11,230,195,387,0.125,37.2,C:\Users\vdemartsev\Documents\Thermal\Audio for thermal\230619_Whiskers\1004.WAV
105,SN,0.0486,114.5719,114.6206,-48.5,339,297,509,0.156,31.04,C:\Users\vdemartsev\Documents\Thermal\Audio for thermal\230619_Whiskers\1004.WAV
106,SN,0.0793,115.7846,115.8639,-50.47,319,367,452,0.12,38.75,C:\Users\vdemartsev\Documents\Thermal\Audio for thermal\230619_Whiskers\1004.WAV
107,SN,0.0473,115.9393,115.9866,-49.77,602,587,790,0.131,34.38,C:\Users\vdemartsev\Documents\Thermal\Audio for thermal\230619_Whiskers\1004.WAV
108,nf,0.16,117.6146,117.7746,-49.52,125,114,243,0.106,24.73,C:\Users\vdemartsev\Documents\Thermal\Audio for thermal\230619_Whiskers\1004.WAV
109,nf,0.0346,118.0339,118.0686,-51.83,93,93,198,0.096,35.73,C:\Users\vdemartsev\Documents\Thermal\Audio for thermal\230619_Whiskers\1004.WAV
110,SN,0.0373,118.8206,118.858,-46.86,307,307,444,0.111,35.69,C:\Users\vdemartsev\Documents\Thermal\Audio for thermal\230619_Whiskers\1004.WAV
111,nf,0.2486,123.1726,123.4213,-48.48,101,96,227,0.094,24.66,C:\Users\vdemartsev\Documents\Thermal\Audio for thermal\230619_Whiskers\1004.WAV
112,nf,0.2446,124.4726,124.7173,-49.55,98,95,239,0.093,26.2,C:\Users\vdemartsev\Documents\Thermal\Audio for thermal\230619_Whiskers\1004.WAV
113,nf,0.1466,125.5646,125.7113,-45.81,95,95,235,0.089,26.9,C:\Users\vdemartsev\Documents\Thermal\Audio for thermal\230619_Whiskers\1004.WAV
114,nf,0.1773,128.646,128.8233,-48.83,98,98,321,0.13,29.98,C:\Users\vdemartsev\Documents\Thermal\Audio for thermal\230619_Whiskers\1004.WAV
115,nf,0.2846,133.6733,133.958,-46.68,98,98,236,0.104,28.36,C:\Users\vdemartsev\Documents\Thermal\Audio for thermal\230619_Whiskers\1004.WAV
116,nf,0.49,135.2866,135.7766,-50.28,116,107,241,0.09,27.13,C:\Users\vdemartsev\Documents\Thermal\Audio for thermal\230619_Whiskers\1004.WAV
117,nf,0.124,136.1699,136.294,-47.78,100,99,237,0.103,25.99,C:\Users\vdemartsev\Documents\Thermal\Audio for thermal\230619_Whiskers\1004.WAV
118,nf,0.3693,137.1933,137.5626,-48.93,94,95,207,0.085,25.11,C:\Users\vdemartsev\Documents\Thermal\Audio for thermal\230619_Whiskers\1004.WAV
119,nf,0.5746,141.7186,142.2933,-50.4,110,110,254,0.091,27.77,C:\Users\vdemartsev\Documents\Thermal\Audio for thermal\230619_Whiskers\1004.WAV
120,nf,0.0613,142.5733,142.6346,-50.27,167,136,313,0.11,33.36,C:\Users\vdemartsev\Documents\Thermal\Audio for thermal\230619_Whiskers\1004.WAV
121,nf,0.066,142.9966,143.0626,-52.59,93,93,240,0.103,31.24,C:\Users\vdemartsev\Documents\Thermal\Audio for thermal\230619_Whiskers\1004.WAV
122,nf,0.1906,143.5406,143.7313,-52.7,133,121,289,0.11,29.16,C:\Users\vdemartsev\Documents\Thermal\Audio for thermal\230619_Whiskers\1004.WAV
123,nf,0.1866,144.0266,144.2133,-49.77,106,106,213,0.095,28.96,C:\Users\vdemartsev\Documents\Thermal\Audio for thermal\230619_Whiskers\1004.WAV
124,nf,0.218,145.9566,146.1746,-48.26,93,93,233,0.088,27.44,C:\Users\vdemartsev\Documents\Thermal\Audio for thermal\230619_Whiskers\1004.WAV
125,nf,0.2,146.688,146.888,-49.51,94,94,222,0.096,27.84,C:\Users\vdemartsev\Documents\Thermal\Audio for thermal\230619_Whiskers\1004.WAV
126,SN,0.0566,148.508,148.5646,-49.76,721,629,962,0.176,34.07,C:\Users\vdemartsev\Documents\Thermal\Audio for thermal\230619_Whiskers\1004.WAV
127,nf,0.178,148.6346,148.8126,-50.45,93,93,240,0.086,29.29,C:\Users\vdemartsev\Documents\Thermal\Audio for thermal\230619_Whiskers\1004.WAV
128,nf,0.2673,149.3166,149.584,-52.85,94,94,235,0.093,29.33,C:\Users\vdemartsev\Documents\Thermal\Audio for thermal\230619_Whiskers\1004.WAV
129,nf,0.1906,150.5833,150.774,-51.22,115,109,254,0.096,27.52,C:\Users\vdemartsev\Documents\Thermal\Audio for thermal\230619_Whiskers\1004.WAV
130,nf,0.1513,150.9753,151.1266,-53.88,172,170,316,0.114,29.37,C:\Users\vdemartsev\Documents\Thermal\Audio for thermal\230619_Whiskers\1004.WAV
131,nf,0.1153,151.7333,151.8486,-44.38,94,94,220,0.084,27.85,C:\Users\vdemartsev\Documents\Thermal\Audio for thermal\230619_Whiskers\1004.WAV
132,SN,0.0206,153.2906,153.3113,-44.46,93,93,240,0.114,28.95,C:\Users\vdemartsev\Documents\Thermal\Audio for thermal\230619_Whiskers\1004.WAV
133,SN,0.0306,153.4013,153.432,-48.62,284,232,456,0.143,31,C:\Users\vdemartsev\Documents\Thermal\Audio for thermal\230619_Whiskers\1004.WAV
134,nf,0.2666,155.7133,155.98,-43.43,101,101,217,0.104,28.8,C:\Users\vdemartsev\Documents\Thermal\Audio for thermal\230619_Whiskers\1004.WAV
135,nf,0.2086,156.6893,156.898,-40.64,94,94,243,0.084,30.27,C:\Users\vdemartsev\Documents\Thermal\Audio for thermal\230619_Whiskers\1004.WAV
136,nf,0.298,158.5353,158.8333,-48.3,97,96,239,0.098,28.07,C:\Users\vdemartsev\Documents\Thermal\Audio for thermal\230619_Whiskers\1004.WAV
137,nf,0.0526,159.846,159.8986,-53.53,93,93,268,0.105,32.13,C:\Users\vdemartsev\Documents\Thermal\Audio for thermal\230619_Whiskers\1004.WAV
138,nf,0.1506,160.366,160.5166,-52.54,115,93,260,0.098,28.03,C:\Users\vdemartsev\Documents\Thermal\Audio for thermal\230619_Whiskers\1004.WAV
139,nf,0.1506,161.2846,161.4353,-53.91,93,93,250,0.092,29.03,C:\Users\vdemartsev\Documents\Thermal\Audio for thermal\230619_Whiskers\1004.WAV
140,nf,0.2,163.6473,163.8473,-53.98,93,93,251,0.099,28.07,C:\Users\vdemartsev\Documents\Thermal\Audio for thermal\230619_Whiskers\1004.WAV
141,SN,0.054,164.078,164.132,-46.66,679,617,874,0.136,34.97,C:\Users\vdemartsev\Documents\Thermal\Audio for thermal\230619_Whiskers\1004.WAV
142,SN,0.0373,164.2186,164.256,-49.76,426,366,628,0.148,31.6,C:\Users\vdemartsev\Documents\Thermal\Audio for thermal\230619_Whiskers\1004.WAV
143,nf,0.044,165.3106,165.3546,-52.99,93,93,260,0.096,33.72,C:\Users\vdemartsev\Documents\Thermal\Audio for thermal\230619_Whiskers\1004.WAV
144,SN,0.0666,166.2519,166.3186,-51.89,447,425,608,0.148,32.59,C:\Users\vdemartsev\Documents\Thermal\Audio for thermal\230619_Whiskers\1004.WAV
145,SN,0.048,166.356,166.404,-51.1,661,554,910,0.189,26.22,C:\Users\vdemartsev\Documents\Thermal\Audio for thermal\230619_Whiskers\1004.WAV
146,nf,0.0526,167.5266,167.5793,-45.91,93,93,248,0.094,29.25,C:\Users\vdemartsev\Documents\Thermal\Audio for thermal\230619_Whiskers\1004.WAV
147,nf,0.044,170.5613,170.6053,-50.23,96,96,239,0.095,29.07,C:\Users\vdemartsev\Documents\Thermal\Audio for thermal\230619_Whiskers\1004.WAV
148,nf,0.0573,170.882,170.9393,-56.81,93,93,271,0.107,34.24,C:\Users\vdemartsev\Documents\Thermal\Audio for thermal\230619_Whiskers\1004.WAV
149,nf,0.0353,172.4113,172.4466,-48.66,93,93,302,0.096,29.39,C:\Users\vdemartsev\Documents\Thermal\Audio for thermal\230619_Whiskers\1004.WAV
150,nf,0.28,173.9033,174.1833,-52.85,113,96,255,0.101,28.41,C:\Users\vdemartsev\Documents\Thermal\Audio for thermal\230619_Whiskers\1004.WAV
151,nf,0.1773,174.8886,175.066,-48.15,120,120,268,0.093,28.02,C:\Users\vdemartsev\Documents\Thermal\Audio for thermal\230619_Whiskers\1004.WAV
152,nf,0.3113,176.128,176.4393,-52.14,197,173,332,0.101,29.8,C:\Users\vdemartsev\Documents\Thermal\Audio for thermal\230619_Whiskers\1004.WAV
153,nf,0.1553,178.5446,178.7,-55.43,144,145,313,0.114,30.69,C:\Users\vdemartsev\Documents\Thermal\Audio for thermal\230619_Whiskers\1004.WAV
154,nf,0.494,179.102,179.596,-54.33,113,111,270,0.101,28.19,C:\Users\vdemartsev\Documents\Thermal\Audio for thermal\230619_Whiskers\1004.WAV
155,SN,0.0666,179.83,179.8966,-50,215,215,388,0.127,33.8,C:\Users\vdemartsev\Documents\Thermal\Audio for thermal\230619_Whiskers\1004.WAV
156,SN,0.0533,179.9466,180,-52.06,791,752,969,0.132,40.19,C:\Users\vdemartsev\Documents\Thermal\Audio for thermal\230619_Whiskers\1004.WAV
157,nf,0.1733,180.2,180.3733,-55.71,93,93,274,0.103,25.64,C:\Users\vdemartsev\Documents\Thermal\Audio for thermal\230619_Whiskers\1004.WAV
158,nf,0.1733,181.292,181.4653,-53.53,128,127,267,0.112,33.29,C:\Users\vdemartsev\Documents\Thermal\Audio for thermal\230619_Whiskers\1004.WAV
159,nf,0.1773,182.104,182.2813,-55.38,100,100,244,0.103,29.04,C:\Users\vdemartsev\Documents\Thermal\Audio for thermal\230619_Whiskers\1004.WAV
160,SN,0.1153,182.8079,182.9233,-52.9,253,197,422,0.133,33.24,C:\Users\vdemartsev\Documents\Thermal\Audio for thermal\230619_Whiskers\1004.WAV
161,SN,0.0666,183.0126,183.0793,-53.76,93,93,274,0.112,33.92,C:\Users\vdemartsev\Documents\Thermal\Audio for thermal\230619_Whiskers\1004.WAV
162,SN,0.048,183.1246,183.1726,-53.26,297,286,491,0.151,33.71,C:\Users\vdemartsev\Documents\Thermal\Audio for thermal\230619_Whiskers\1004.WAV
163,nf,0.32,183.268,183.588,-51.62,124,117,236,0.109,26.29,C:\Users\vdemartsev\Documents\Thermal\Audio for thermal\230619_Whiskers\1004.WAV
164,nf,0.1773,184.0973,184.2746,-47.97,120,120,259,0.1,29.16,C:\Users\vdemartsev\Documents\Thermal\Audio for thermal\230619_Whiskers\1004.WAV
165,SN,0.1026,184.4173,184.52,-50.86,284,299,439,0.149,37.24,C:\Users\vdemartsev\Documents\Thermal\Audio for thermal\230619_Whiskers\1004.WAV
166,SN,0.0406,184.584,184.6246,-48.43,462,480,672,0.143,36.34,C:\Users\vdemartsev\Documents\Thermal\Audio for thermal\230619_Whiskers\1004.WAV
167,nf,0.0753,185.0673,185.1426,-50.38,116,117,274,0.11,29.07,C:\Users\vdemartsev\Documents\Thermal\Audio for thermal\230619_Whiskers\1004.WAV
168,nf,0.044,185.3393,185.3833,-55.99,93,93,313,0.168,33.03,C:\Users\vdemartsev\Documents\Thermal\Audio for thermal\230619_Whiskers\1004.WAV
169,nf,0.4273,185.5533,185.9806,-53.93,154,145,318,0.124,34.11,C:\Users\vdemartsev\Documents\Thermal\Audio for thermal\230619_Whiskers\1004.WAV
170,nf,0.6006,186.276,186.8766,-52.23,186,177,353,0.11,31.12,C:\Users\vdemartsev\Documents\Thermal\Audio for thermal\230619_Whiskers\1004.WAV
171,nf,0.044,187.0646,187.1086,-51.44,97,97,274,0.105,28.04,C:\Users\vdemartsev\Documents\Thermal\Audio for thermal\230619_Whiskers\1004.WAV
172,nf,0.178,187.35,187.528,-49.48,101,101,250,0.094,28.57,C:\Users\vdemartsev\Documents\Thermal\Audio for thermal\230619_Whiskers\1004.WAV
173,SN,0.044,187.802,187.846,-48.55,491,501,699,0.144,35,C:\Users\vdemartsev\Documents\Thermal\Audio for thermal\230619_Whiskers\1004.WAV
174,SN,0.0466,189.0493,189.096,-48.72,372,380,545,0.138,33.32,C:\Users\vdemartsev\Documents\Thermal\Audio for thermal\230619_Whiskers\1004.WAV
175,SN,0.0433,189.182,189.2253,-45.56,268,247,416,0.127,31.21,C:\Users\vdemartsev\Documents\Thermal\Audio for thermal\230619_Whiskers\1004.WAV
176,SN,0.05,189.6266,189.6766,-50.15,581,532,830,0.162,30.87,C:\Users\vdemartsev\Documents\Thermal\Audio for thermal\230619_Whiskers\1004.WAV
177,SN,0.0413,189.8953,189.9366,-50.3,389,356,604,0.136,31.52,C:\Users\vdemartsev\Documents\Thermal\Audio for thermal\230619_Whiskers\1004.WAV
178,nf,0.432,190.4513,190.8833,-51.84,94,94,217,0.097,28.59,C:\Users\vdemartsev\Documents\Thermal\Audio for thermal\230619_Whiskers\1004.WAV
179,nf,0.066,191.1113,191.1773,-56.9,430,401,619,0.127,31.18,C:\Users\vdemartsev\Documents\Thermal\Audio for thermal\230619_Whiskers\1004.WAV
180,nf,0.0353,191.6193,191.6546,-53.88,246,246,437,0.126,36.99,C:\Users\vdemartsev\Documents\Thermal\Audio for thermal\230619_Whiskers\1004.WAV
181,SN,0.046,192.0826,192.1286,-48.9,290,255,474,0.148,31.9,C:\Users\vdemartsev\Documents\Thermal\Audio for thermal\230619_Whiskers\1004.WAV
182,nf,0.044,192.2706,192.3146,-54.18,154,154,327,0.116,30.94,C:\Users\vdemartsev\Documents\Thermal\Audio for thermal\230619_Whiskers\1004.WAV
183,nf,0.048,192.868,192.916,-52.6,93,93,274,0.119,36.55,C:\Users\vdemartsev\Documents\Thermal\Audio for thermal\230619_Whiskers\1004.WAV
184,nf,0.0353,193.5633,193.5986,-50.32,116,105,272,0.128,30.85,C:\Users\vdemartsev\Documents\Thermal\Audio for thermal\230619_Whiskers\1004.WAV
185,SN,0.03,193.8366,193.8666,-51.45,691,532,902,0.143,33.56,C:\Users\vdemartsev\Documents\Thermal\Audio for thermal\230619_Whiskers\1004.WAV
186,SN,0.0406,193.9406,193.9813,-50.49,440,415,691,0.134,30.14,C:\Users\vdemartsev\Documents\Thermal\Audio for thermal\230619_Whiskers\1004.WAV
187,nf,0.1153,194.2453,194.3606,-51.92,159,140,337,0.115,29.36,C:\Users\vdemartsev\Documents\Thermal\Audio for thermal\230619_Whiskers\1004.WAV
188,nf,0.3246,195.9533,196.278,-51.29,96,96,231,0.097,23.33,C:\Users\vdemartsev\Documents\Thermal\Audio for thermal\230619_Whiskers\1004.WAV
189,nf,0.0486,196.3393,196.388,-49.67,214,203,359,0.109,27.66,C:\Users\vdemartsev\Documents\Thermal\Audio for thermal\230619_Whiskers\1004.WAV
190,nf,0.0306,196.5086,196.5393,-53.03,93,93,275,0.098,24.7,C:\Users\vdemartsev\Documents\Thermal\Audio for thermal\230619_Whiskers\1004.WAV
191,nf,0.0526,196.7186,196.7713,-53.39,93,93,264,0.106,30.06,C:\Users\vdemartsev\Documents\Thermal\Audio for thermal\230619_Whiskers\1004.WAV
192,nf,0.1686,197.102,197.2706,-50.48,100,96,234,0.097,25.9,C:\Users\vdemartsev\Documents\Thermal\Audio for thermal\230619_Whiskers\1004.WAV
193,SN,0.0306,197.3766,197.4073,-46.39,365,262,554,0.158,31.38,C:\Users\vdemartsev\Documents\Thermal\Audio for thermal\230619_Whiskers\1004.WAV
194,SN,0.0453,199.8106,199.856,-47.88,615,609,891,0.164,32.53,C:\Users\vdemartsev\Documents\Thermal\Audio for thermal\230619_Whiskers\1004.WAV
195,SN,0.0433,199.932,199.9753,-47.18,646,639,896,0.153,32.75,C:\Users\vdemartsev\Documents\Thermal\Audio for thermal\230619_Whiskers\1004.WAV
196,nf,0.1513,200.5566,200.708,-49.57,101,101,247,0.108,27.75,C:\Users\vdemartsev\Documents\Thermal\Audio for thermal\230619_Whiskers\1004.WAV
197,nf,0.146,202.9273,203.0733,-51.89,152,138,348,0.117,25.78,C:\Users\vdemartsev\Documents\Thermal\Audio for thermal\230619_Whiskers\1004.WAV
198,SN,0.0953,203.7046,203.8,-50.46,387,343,625,0.139,30.24,C:\Users\vdemartsev\Documents\Thermal\Audio for thermal\230619_Whiskers\1004.WAV
199,SN,0.042,203.87,203.912,-48.76,621,599,905,0.158,27.22,C:\Users\vdemartsev\Documents\Thermal\Audio for thermal\230619_Whiskers\1004.WAV
200,*SN,0.0373,204.0266,204.064,-57.52,251,231,534,0.182,31.83,C:\Users\vdemartsev\Documents\Thermal\Audio for thermal\230619_Whiskers\1004.WAV
201,nf,0.254,206.2573,206.5113,-51.71,96,96,257,0.105,25.76,C:\Users\vdemartsev\Documents\Thermal\Audio for thermal\230619_Whiskers\1004.WAV
202,SN,0.0486,207.5033,207.552,-50.4,93,93,258,0.131,29.45,C:\Users\vdemartsev\Documents\Thermal\Audio for thermal\230619_Whiskers\1004.WAV
203,SN,0.0386,207.6066,207.6453,-47.57,592,564,777,0.159,31.33,C:\Users\vdemartsev\Documents\Thermal\Audio for thermal\230619_Whiskers\1004.WAV
204,SN,0.0406,207.7046,207.7453,-46.36,692,690,922,0.141,33.34,C:\Users\vdemartsev\Documents\Thermal\Audio for thermal\230619_Whiskers\1004.WAV
205,SN,0.04,207.8473,207.8873,-44.17,606,575,823,0.142,34.08,C:\Users\vdemartsev\Documents\Thermal\Audio for thermal\230619_Whiskers\1004.WAV
206,nf,0.28,208.4493,208.7293,-50.97,108,98,277,0.108,28.2,C:\Users\vdemartsev\Documents\Thermal\Audio for thermal\230619_Whiskers\1004.WAV
207,nf,0.1773,209.1986,209.376,-49.84,96,96,301,0.106,32.91,C:\Users\vdemartsev\Documents\Thermal\Audio for thermal\230619_Whiskers\1004.WAV
208,nf,0.2086,210.05,210.2586,-52.84,93,93,300,0.121,29.26,C:\Users\vdemartsev\Documents\Thermal\Audio for thermal\230619_Whiskers\1004.WAV
209,nf,0.2133,210.594,210.8073,-54.35,124,112,372,0.122,25.4,C:\Users\vdemartsev\Documents\Thermal\Audio for thermal\230619_Whiskers\1004.WAV
210,nf,0.0306,211.4853,211.516,-53.39,221,227,484,0.142,27.77,C:\Users\vdemartsev\Documents\Thermal\Audio for thermal\230619_Whiskers\1004.WAV
211,nf,0.1066,211.8733,211.98,-52.34,101,101,297,0.125,29.23,C:\Users\vdemartsev\Documents\Thermal\Audio for thermal\230619_Whiskers\1004.WAV
212,SN,0.0573,212.9346,212.992,-51.06,404,368,597,0.139,31.22,C:\Users\vdemartsev\Documents\Thermal\Audio for thermal\230619_Whiskers\1004.WAV
213,SN,0.044,213.0346,213.0786,-48.46,651,614,856,0.163,29.55,C:\Users\vdemartsev\Documents\Thermal\Audio for thermal\230619_Whiskers\1004.WAV
214,nf,0.2446,213.862,214.1066,-52.82,216,180,372,0.138,29.05,C:\Users\vdemartsev\Documents\Thermal\Audio for thermal\230619_Whiskers\1004.WAV
215,nf,0.5833,214.498,215.0813,-50.33,118,113,250,0.107,27.61,C:\Users\vdemartsev\Documents\Thermal\Audio for thermal\230619_Whiskers\1004.WAV
216,nf,0.7533,215.6699,216.4233,-51.06,162,147,322,0.123,29.47,C:\Users\vdemartsev\Documents\Thermal\Audio for thermal\230619_Whiskers\1004.WAV
217,nf,0.4853,216.544,217.0293,-51.03,137,130,305,0.12,29.25,C:\Users\vdemartsev\Documents\Thermal\Audio for thermal\230619_Whiskers\1004.WAV
218,nf,0.254,217.284,217.538,-50.38,204,198,365,0.13,29.28,C:\Users\vdemartsev\Documents\Thermal\Audio for thermal\230619_Whiskers\1004.WAV
219,nf,0.2886,218.2519,218.5406,-50.67,97,97,284,0.115,28.55,C:\Users\vdemartsev\Documents\Thermal\Audio for thermal\230619_Whiskers\1004.WAV
220,nf,0.12,219.7673,219.8873,-50.65,152,140,341,0.137,30.19,C:\Users\vdemartsev\Documents\Thermal\Audio for thermal\230619_Whiskers\1004.WAV
221,nf,0.1513,221.0406,221.192,-49.97,188,181,367,0.128,30.64,C:\Users\vdemartsev\Documents\Thermal\Audio for thermal\230619_Whiskers\1004.WAV
222,nf,0.146,221.594,221.74,-48.93,154,126,339,0.125,30.2,C:\Users\vdemartsev\Documents\Thermal\Audio for thermal\230619_Whiskers\1004.WAV
223,nf,0.044,222.5833,222.6273,-50,93,93,270,0.121,31.56,C:\Users\vdemartsev\Documents\Thermal\Audio for thermal\230619_Whiskers\1004.WAV
224,nf,0.1553,223.484,223.6393,-49.79,97,97,268,0.11,29.58,C:\Users\vdemartsev\Documents\Thermal\Audio for thermal\230619_Whiskers\1004.WAV
225,nf,0.254,223.894,224.148,-47.63,105,96,284,0.114,31.04,C:\Users\vdemartsev\Documents\Thermal\Audio for thermal\230619_Whiskers\1004.WAV
226,nf,0.186,224.55,224.736,-38.94,111,107,271,0.1,30.87,C:\Users\vdemartsev\Documents\Thermal\Audio for thermal\230619_Whiskers\1004.WAV
227,nf,0.16,225.606,225.766,-47.58,101,101,278,0.105,28.85,C:\Users\vdemartsev\Documents\Thermal\Audio for thermal\230619_Whiskers\1004.WAV
228,nf,0.1553,226.0433,226.1986,-46.72,98,98,235,0.107,26.43,C:\Users\vdemartsev\Documents\Thermal\Audio for thermal\230619_Whiskers\1004.WAV
229,SN,0.044,226.4173,226.4613,-47.48,93,93,270,0.092,28.16,C:\Users\vdemartsev\Documents\Thermal\Audio for thermal\230619_Whiskers\1004.WAV
230,SN,0.0793,226.498,226.5773,-48.13,112,93,307,0.141,29.36,C:\Users\vdemartsev\Documents\Thermal\Audio for thermal\230619_Whiskers\1004.WAV
231,nf,0.3206,226.768,227.0886,-48.3,102,102,282,0.111,27.49,C:\Users\vdemartsev\Documents\Thermal\Audio for thermal\230619_Whiskers\1004.WAV
232,nf,0.2086,227.2006,227.4093,-48.3,101,101,286,0.107,32.01,C:\Users\vdemartsev\Documents\Thermal\Audio for thermal\230619_Whiskers\1004.WAV
233,nf,0.164,227.5753,227.7393,-47.55,105,102,263,0.125,27.88,C:\Users\vdemartsev\Documents\Thermal\Audio for thermal\230619_Whiskers\1004.WAV
234,nf,0.2446,228.0566,228.3013,-47.99,144,144,322,0.103,28.12,C:\Users\vdemartsev\Documents\Thermal\Audio for thermal\230619_Whiskers\1004.WAV
235,SN,0.0573,229.3406,229.398,-52.68,126,108,361,0.163,32.15,C:\Users\vdemartsev\Documents\Thermal\Audio for thermal\230619_Whiskers\1004.WAV
236,SN,0.0486,229.434,229.4826,-46.85,93,93,267,0.129,32.38,C:\Users\vdemartsev\Documents\Thermal\Audio for thermal\230619_Whiskers\1004.WAV
237,SN,0.044,229.5319,229.576,-49.13,157,130,397,0.152,32.75,C:\Users\vdemartsev\Documents\Thermal\Audio for thermal\230619_Whiskers\1004.WAV
238,nf,0.3286,230.3753,230.704,-49.34,114,100,330,0.138,29.15,C:\Users\vdemartsev\Documents\Thermal\Audio for thermal\230619_Whiskers\1004.WAV
239,nf,0.0173,233.2266,233.244,-50.5,93,93,326,0.15,28.98,C:\Users\vdemartsev\Documents\Thermal\Audio for thermal\230619_Whiskers\1004.WAV
240,nf,0.044,233.5386,233.5826,-49.86,244,203,456,0.135,30.2,C:\Users\vdemartsev\Documents\Thermal\Audio for thermal\230619_Whiskers\1004.WAV
241,SN,0.044,234.6213,234.6653,-44.87,97,98,272,0.101,32.2,C:\Users\vdemartsev\Documents\Thermal\Audio for thermal\230619_Whiskers\1004.WAV
242,SN,0.0393,234.6926,234.732,-55.06,287,175,510,0.184,33.21,C:\Users\vdemartsev\Documents\Thermal\Audio for thermal\230619_Whiskers\1004.WAV
243,SN,0.044,234.8133,234.8573,-49.88,148,155,463,0.148,29.68,C:\Users\vdemartsev\Documents\Thermal\Audio for thermal\230619_Whiskers\1004.WAV
244,nf,0.1506,236.1873,236.3379,-49.77,96,96,296,0.106,26.37,C:\Users\vdemartsev\Documents\Thermal\Audio for thermal\230619_Whiskers\1004.WAV
245,SN,0.1253,236.4793,236.6046,-47.74,131,127,318,0.147,31.79,C:\Users\vdemartsev\Documents\Thermal\Audio for thermal\230619_Whiskers\1004.WAV
246,SN,0.036,236.672,236.708,-49.66,93,93,335,0.162,29.63,C:\Users\vdemartsev\Documents\Thermal\Audio for thermal\230619_Whiskers\1004.WAV
247,SN,0.026,236.7799,236.806,-53.6,237,209,426,0.179,28.63,C:\Users\vdemartsev\Documents\Thermal\Audio for thermal\230619_Whiskers\1004.WAV
248,SN,0.1353,237.0579,237.1933,-51.42,661,725,860,0.163,33.73,C:\Users\vdemartsev\Documents\Thermal\Audio for thermal\230619_Whiskers\1004.WAV
249,nf,0.218,237.98,238.1979,-47.78,102,102,260,0.103,27.02,C:\Users\vdemartsev\Documents\Thermal\Audio for thermal\230619_Whiskers\1004.WAV
250,SN,0.1393,238.3446,238.484,-48.76,465,376,635,0.167,32.52,C:\Users\vdemartsev\Documents\Thermal\Audio for thermal\230619_Whiskers\1004.WAV
251,nf,0.218,238.7826,239.0006,-49.41,112,99,272,0.118,29.14,C:\Users\vdemartsev\Documents\Thermal\Audio for thermal\230619_Whiskers\1004.WAV
252,nf,0.2626,239.246,239.5086,-50.59,105,105,275,0.1,26.28,C:\Users\vdemartsev\Documents\Thermal\Audio for thermal\230619_Whiskers\1004.WAV
253,nf,0.0533,240.582,240.6353,-52.93,149,133,354,0.132,27.69,C:\Users\vdemartsev\Documents\Thermal\Audio for thermal\230619_Whiskers\1004.WAV
254,SN,0.0453,241.268,241.3133,-51.88,231,216,464,0.156,30.85,C:\Users\vdemartsev\Documents\Thermal\Audio for thermal\230619_Whiskers\1004.WAV
255,SN,0.0466,241.368,241.4146,-49.25,857,830,1135,0.171,32.53,C:\Users\vdemartsev\Documents\Thermal\Audio for thermal\230619_Whiskers\1004.WAV
256,nf,0.0573,241.7146,241.772,-50.13,175,178,425,0.148,30.53,C:\Users\vdemartsev\Documents\Thermal\Audio for thermal\230619_Whiskers\1004.WAV
257,nf,0.1466,242.9046,243.0513,-50.53,114,110,257,0.132,26.52,C:\Users\vdemartsev\Documents\Thermal\Audio for thermal\230619_Whiskers\1004.WAV
258,nf,0.2533,245.8813,246.1346,-51.47,122,118,267,0.118,29.9,C:\Users\vdemartsev\Documents\Thermal\Audio for thermal\230619_Whiskers\1004.WAV
259,nf,0.1193,246.314,246.4333,-51.06,132,110,295,0.118,26.39,C:\Users\vdemartsev\Documents\Thermal\Audio for thermal\230619_Whiskers\1004.WAV
260,nf,0.0573,246.6346,246.692,-48.19,100,93,255,0.14,31.51,C:\Users\vdemartsev\Documents\Thermal\Audio for thermal\230619_Whiskers\1004.WAV
261,nf,0.1686,246.9913,247.16,-49.41,131,116,252,0.106,27.39,C:\Users\vdemartsev\Documents\Thermal\Audio for thermal\230619_Whiskers\1004.WAV
262,nf,0.3246,247.9146,248.2393,-44.82,94,94,220,0.091,26.92,C:\Users\vdemartsev\Documents\Thermal\Audio for thermal\230619_Whiskers\1004.WAV
263,SN,0.0306,248.5946,248.6253,-43.29,194,160,373,0.139,33.15,C:\Users\vdemartsev\Documents\Thermal\Audio for thermal\230619_Whiskers\1004.WAV
264,SN,0.0666,248.6706,248.7373,-48.87,212,193,376,0.147,29.32,C:\Users\vdemartsev\Documents\Thermal\Audio for thermal\230619_Whiskers\1004.WAV
265,nf,0.2806,248.8326,249.1133,-44.52,93,93,216,0.094,30.5,C:\Users\vdemartsev\Documents\Thermal\Audio for thermal\230619_Whiskers\1004.WAV
266,nf,0.4186,249.2519,249.6706,-46.83,96,94,245,0.103,29.75,C:\Users\vdemartsev\Documents\Thermal\Audio for thermal\230619_Whiskers\1004.WAV
267,nf,0.1013,250.2686,250.37,-47.87,120,112,253,0.105,34.15,C:\Users\vdemartsev\Documents\Thermal\Audio for thermal\230619_Whiskers\1004.WAV
268,SN,0.03,250.58,250.61,-46.5,93,93,242,0.109,33.35,C:\Users\vdemartsev\Documents\Thermal\Audio for thermal\230619_Whiskers\1004.WAV
269,SN,0.0393,250.66,250.6993,-49.87,190,188,342,0.153,32.76,C:\Users\vdemartsev\Documents\Thermal\Audio for thermal\230619_Whiskers\1004.WAV
270,SN,0.0486,250.7666,250.8153,-46.17,93,93,220,0.142,34.04,C:\Users\vdemartsev\Documents\Thermal\Audio for thermal\230619_Whiskers\1004.WAV
271,SN,0.044,250.8919,250.936,-45.39,93,93,215,0.112,33.78,C:\Users\vdemartsev\Documents\Thermal\Audio for thermal\230619_Whiskers\1004.WAV
272,SN,0.0346,251.0433,251.078,-47.81,200,209,352,0.126,31.37,C:\Users\vdemartsev\Documents\Thermal\Audio for thermal\230619_Whiskers\1004.WAV
273,SN,0.04,251.1233,251.1633,-52.38,193,187,362,0.132,31.43,C:\Users\vdemartsev\Documents\Thermal\Audio for thermal\230619_Whiskers\1004.WAV
274,SN,0.044,251.2573,251.3013,-47.95,93,93,230,0.102,29.57,C:\Users\vdemartsev\Documents\Thermal\Audio for thermal\230619_Whiskers\1004.WAV
275,nf,0.4586,251.5886,252.0473,-47.99,98,97,211,0.099,27.5,C:\Users\vdemartsev\Documents\Thermal\Audio for thermal\230619_Whiskers\1004.WAV
276,nf,0.3246,252.36,252.6846,-50.43,144,138,284,0.103,28.95,C:\Users\vdemartsev\Documents\Thermal\Audio for thermal\230619_Whiskers\1004.WAV
277,nf,0.3066,254.1419,254.4486,-49.9,103,103,259,0.105,31.05,C:\Users\vdemartsev\Documents\Thermal\Audio for thermal\230619_Whiskers\1004.WAV
278,nf,0.048,255.1586,255.2066,-49.75,206,207,359,0.108,32.67,C:\Users\vdemartsev\Documents\Thermal\Audio for thermal\230619_Whiskers\1004.WAV
279,nf,1.1186,257.8553,258.9739,-40.56,109,105,221,0.113,30.61,C:\Users\vdemartsev\Documents\Thermal\Audio for thermal\230619_Whiskers\1004.WAV
280,nf,1.1053,259.7306,260.8359,-44.31,106,106,158,0.101,27.92,C:\Users\vdemartsev\Documents\Thermal\Audio for thermal\230619_Whiskers\1004.WAV
281,SN,0.0353,262.2666,262.302,-46.42,240,229,493,0.147,32.98,C:\Users\vdemartsev\Documents\Thermal\Audio for thermal\230619_Whiskers\1004.WAV
282,SN,0.0533,262.3973,262.4506,-47.34,673,570,893,0.168,31.86,C:\Users\vdemartsev\Documents\Thermal\Audio for thermal\230619_Whiskers\1004.WAV
283,SN,0.0573,262.574,262.6313,-53.27,157,157,336,0.129,26.48,C:\Users\vdemartsev\Documents\Thermal\Audio for thermal\230619_Whiskers\1004.WAV
284,SN,0.0706,262.6626,262.7333,-47.44,257,243,449,0.142,32.19,C:\Users\vdemartsev\Documents\Thermal\Audio for thermal\230619_Whiskers\1004.WAV
285,nf,1.5413,262.9546,264.496,-50.8,144,143,306,0.114,29.25,C:\Users\vdemartsev\Documents\Thermal\Audio for thermal\230619_Whiskers\1004.WAV
286,nf,0.378,264.8946,265.2726,-51.44,147,127,295,0.109,30.12,C:\Users\vdemartsev\Documents\Thermal\Audio for thermal\230619_Whiskers\1004.WAV
287,nf,0.066,266.674,266.7399,-55.49,101,102,343,0.131,29.25,C:\Users\vdemartsev\Documents\Thermal\Audio for thermal\230619_Whiskers\1004.WAV
288,nf,0.1646,266.9946,267.1593,-51.78,93,93,254,0.12,31.46,C:\Users\vdemartsev\Documents\Thermal\Audio for thermal\230619_Whiskers\1004.WAV
289,SN,0.0413,267.5366,267.578,-50.76,519,383,717,0.189,28.69,C:\Users\vdemartsev\Documents\Thermal\Audio for thermal\230619_Whiskers\1004.WAV
290,SN,0.0533,267.6306,267.6839,-46.89,635,578,848,0.179,31.71,C:\Users\vdemartsev\Documents\Thermal\Audio for thermal\230619_Whiskers\1004.WAV
291,SN,0.0453,267.7633,267.8086,-46.01,822,766,1197,0.182,29.37,C:\Users\vdemartsev\Documents\Thermal\Audio for thermal\230619_Whiskers\1004.WAV
292,nf,0.3113,267.906,268.2173,-51.49,141,123,297,0.121,26.85,C:\Users\vdemartsev\Documents\Thermal\Audio for thermal\230619_Whiskers\1004.WAV
293,nf,0.182,268.8066,268.9886,-51.52,103,103,285,0.116,30.47,C:\Users\vdemartsev\Documents\Thermal\Audio for thermal\230619_Whiskers\1004.WAV
294,SN,0.056,269.1086,269.1646,-51.87,184,183,380,0.16,32.42,C:\Users\vdemartsev\Documents\Thermal\Audio for thermal\230619_Whiskers\1004.WAV
295,SN,0.056,269.1906,269.2466,-51.17,664,586,905,0.189,32.93,C:\Users\vdemartsev\Documents\Thermal\Audio for thermal\230619_Whiskers\1004.WAV
296,nf,0.5613,269.4706,270.032,-49.52,111,109,270,0.103,28.97,C:\Users\vdemartsev\Documents\Thermal\Audio for thermal\230619_Whiskers\1004.WAV
297,SN,0.0553,270.2733,270.3286,-48.9,135,116,315,0.136,36.85,C:\Users\vdemartsev\Documents\Thermal\Audio for thermal\230619_Whiskers\1004.WAV
298,SN,0.0613,270.35,270.4113,-50.7,361,271,506,0.174,28.07,C:\Users\vdemartsev\Documents\Thermal\Audio for thermal\230619_Whiskers\1004.WAV
299,SN,0.0426,270.466,270.5086,-47.98,689,708,901,0.144,35.57,C:\Users\vdemartsev\Documents\Thermal\Audio for thermal\230619_Whiskers\1004.WAV
300,nf,0.2886,270.6213,270.91,-50.73,124,113,277,0.113,27.46,C:\Users\vdemartsev\Documents\Thermal\Audio for thermal\230619_Whiskers\1004.WAV
301,SN,0.1173,272.2446,272.362,-50.09,328,301,527,0.143,32.67,C:\Users\vdemartsev\Documents\Thermal\Audio for thermal\230619_Whiskers\1004.WAV
302,SN,0.0406,272.3866,272.4273,-46.04,686,687,933,0.153,28.48,C:\Users\vdemartsev\Documents\Thermal\Audio for thermal\230619_Whiskers\1004.WAV
303,nf,0.2673,272.4693,272.7366,-52.18,152,146,324,0.11,27.05,C:\Users\vdemartsev\Documents\Thermal\Audio for thermal\230619_Whiskers\1004.WAV
304,SN,0.0353,272.5226,272.558,-48.97,511,494,727,0.14,33.02,C:\Users\vdemartsev\Documents\Thermal\Audio for thermal\230619_Whiskers\1004.WAV
305,nf,0.2313,273.1606,273.3919,-51.61,110,107,274,0.108,23.65,C:\Users\vdemartsev\Documents\Thermal\Audio for thermal\230619_Whiskers\1004.WAV
306,nf,0.142,274.9706,275.1126,-51.09,158,116,361,0.123,30.06,C:\Users\vdemartsev\Documents\Thermal\Audio for thermal\230619_Whiskers\1004.WAV
307,SN,0.0533,277.3739,277.4273,-48.07,97,96,289,0.138,34.51,C:\Users\vdemartsev\Documents\Thermal\Audio for thermal\230619_Whiskers\1004.WAV
308,SN,0.05,277.4426,277.4926,-50.74,917,803,1163,0.188,33.5,C:\Users\vdemartsev\Documents\Thermal\Audio for thermal\230619_Whiskers\1004.WAV
309,SN,0.0586,277.5566,277.6153,-47.3,388,402,586,0.154,30.92,C:\Users\vdemartsev\Documents\Thermal\Audio for thermal\230619_Whiskers\1004.WAV
310,nf,0.124,277.854,277.9779,-51.95,112,101,321,0.116,26.09,C:\Users\vdemartsev\Documents\Thermal\Audio for thermal\230619_Whiskers\1004.WAV
311,nf,0.5653,278.2773,278.8426,-52.98,146,123,320,0.133,26.94,C:\Users\vdemartsev\Documents\Thermal\Audio for thermal\230619_Whiskers\1004.WAV
312,nf,0.16,279.4406,279.6006,-51.86,161,131,381,0.132,25.91,C:\Users\vdemartsev\Documents\Thermal\Audio for thermal\230619_Whiskers\1004.WAV
313,SN,0.0573,279.9126,279.97,-53.77,209,173,442,0.125,29.7,C:\Users\vdemartsev\Documents\Thermal\Audio for thermal\230619_Whiskers\1004.WAV
314,SN,0.0746,279.9886,280.0633,-51.98,326,351,526,0.168,31.89,C:\Users\vdemartsev\Documents\Thermal\Audio for thermal\230619_Whiskers\1004.WAV
315,SN,0.0613,280.1266,280.188,-54.53,285,220,552,0.162,29.78,C:\Users\vdemartsev\Documents\Thermal\Audio for thermal\230619_Whiskers\1004.WAV
316,nf,0.164,281.4339,281.5979,-47.59,118,101,261,0.103,29.77,C:\Users\vdemartsev\Documents\Thermal\Audio for thermal\230619_Whiskers\1004.WAV
317,nf,0.0526,283.1686,283.2213,-56.91,103,104,421,0.142,32.62,C:\Users\vdemartsev\Documents\Thermal\Audio for thermal\230619_Whiskers\1004.WAV
318,nf,0.258,284.906,285.164,-49.81,113,107,269,0.135,28.35,C:\Users\vdemartsev\Documents\Thermal\Audio for thermal\230619_Whiskers\1004.WAV
319,SN,0.0466,285.3213,285.368,-47.94,93,93,335,0.115,30.83,C:\Users\vdemartsev\Documents\Thermal\Audio for thermal\230619_Whiskers\1004.WAV
320,SN,0.052,285.3786,285.4306,-43.94,93,93,319,0.142,29.12,C:\Users\vdemartsev\Documents\Thermal\Audio for thermal\230619_Whiskers\1004.WAV
321,SN,0.0386,285.5213,285.5599,-45.37,482,369,680,0.15,29.36,C:\Users\vdemartsev\Documents\Thermal\Audio for thermal\230619_Whiskers\1004.WAV
322,nf,0.146,292.3766,292.5226,-52.68,142,141,395,0.15,27.74,C:\Users\vdemartsev\Documents\Thermal\Audio for thermal\230619_Whiskers\1004.WAV
323,nf,0.2533,293.8746,294.1279,-52.71,121,109,288,0.136,29.37,C:\Users\vdemartsev\Documents\Thermal\Audio for thermal\230619_Whiskers\1004.WAV
324,nf,0.164,294.6413,294.8053,-51.47,162,140,362,0.132,26.81,C:\Users\vdemartsev\Documents\Thermal\Audio for thermal\230619_Whiskers\1004.WAV
325,nf,0.378,295.2699,295.648,-53.38,147,140,338,0.125,26.55,C:\Users\vdemartsev\Documents\Thermal\Audio for thermal\230619_Whiskers\1004.WAV
326,nf,0.1106,296.4433,296.554,-53.59,241,155,405,0.142,30.16,C:\Users\vdemartsev\Documents\Thermal\Audio for thermal\230619_Whiskers\1004.WAV
327,SN,0.056,296.5973,296.6533,-47.17,652,475,850,0.2,29.24,C:\Users\vdemartsev\Documents\Thermal\Audio for thermal\230619_Whiskers\1004.WAV
328,SN,0.0533,296.712,296.7653,-45.77,797,785,995,0.145,32.94,C:\Users\vdemartsev\Documents\Thermal\Audio for thermal\230619_Whiskers\1004.WAV
329,nf,0.548,296.8086,297.3566,-52.75,154,145,309,0.115,29.23,C:\Users\vdemartsev\Documents\Thermal\Audio for thermal\230619_Whiskers\1004.WAV
330,nf,0.124,298.084,298.208,-52.61,126,104,279,0.131,30.91,C:\Users\vdemartsev\Documents\Thermal\Audio for thermal\230619_Whiskers\1004.WAV
331,nf,0.1326,298.3586,298.4913,-52.04,270,208,469,0.147,30.94,C:\Users\vdemartsev\Documents\Thermal\Audio for thermal\230619_Whiskers\1004.WAV
332,SN,0.04,298.6946,298.7346,-53.58,93,93,278,0.116,31.27,C:\Users\vdemartsev\Documents\Thermal\Audio for thermal\230619_Whiskers\1004.WAV
333,SN,0.048,298.7733,298.8213,-48.4,772,749,981,0.15,34.99,C:\Users\vdemartsev\Documents\Thermal\Audio for thermal\230619_Whiskers\1004.WAV
334,nf,0.302,299.3753,299.6773,-50.79,132,132,287,0.11,29.68,C:\Users\vdemartsev\Documents\Thermal\Audio for thermal\230619_Whiskers\1004.WAV
335,nf,0.2673,300.164,300.4313,-51.64,182,148,303,0.128,28.86,C:\Users\vdemartsev\Documents\Thermal\Audio for thermal\230619_Whiskers\1004.WAV
336,nf,0.0353,302.4286,302.4639,-57.68,93,93,319,0.149,31.45,C:\Users\vdemartsev\Documents\Thermal\Audio for thermal\230619_Whiskers\1004.WAV
337,nf,0.0346,303.5793,303.614,-52.19,93,93,286,0.114,30.56,C:\Users\vdemartsev\Documents\Thermal\Audio for thermal\230619_Whiskers\1004.WAV
338,nf,0.2493,305.0753,305.3246,-54.84,120,98,294,0.119,29.07,C:\Users\vdemartsev\Documents\Thermal\Audio for thermal\230619_Whiskers\1004.WAV
339,nf,0.512,306.4446,306.9566,-53.53,149,144,306,0.113,27.83,C:\Users\vdemartsev\Documents\Thermal\Audio for thermal\230619_Whiskers\1004.WAV
340,nf,0.1286,307.1666,307.2953,-56.91,146,141,362,0.134,32.14,C:\Users\vdemartsev\Documents\Thermal\Audio for thermal\230619_Whiskers\1004.WAV
341,nf,0.178,308,308.178,-52.98,279,252,459,0.14,30.25,C:\Users\vdemartsev\Documents\Thermal\Audio for thermal\230619_Whiskers\1004.WAV
342,nf,0.048,309.32,309.368,-52.34,93,93,260,0.132,26.54,C:\Users\vdemartsev\Documents\Thermal\Audio for thermal\230619_Whiskers\1004.WAV
343,nf,0.2133,316.468,316.6813,-51,168,163,312,0.116,30.64,C:\Users\vdemartsev\Documents\Thermal\Audio for thermal\230619_Whiskers\1004.WAV
344,SN,0.0433,318.5446,318.588,-57.93,314,289,576,0.165,31.31,C:\Users\vdemartsev\Documents\Thermal\Audio for thermal\230619_Whiskers\1004.WAV
345,SN,0.0646,318.6046,318.6693,-47.79,668,661,854,0.147,37.44,C:\Users\vdemartsev\Documents\Thermal\Audio for thermal\230619_Whiskers\1004.WAV
346,SN,0.0473,318.7319,318.7793,-44.65,753,753,957,0.141,35.62,C:\Users\vdemartsev\Documents\Thermal\Audio for thermal\230619_Whiskers\1004.WAV
347,nf,0.1693,319.6106,319.7799,-51.14,166,133,318,0.125,29.79,C:\Users\vdemartsev\Documents\Thermal\Audio for thermal\230619_Whiskers\1004.WAV
348,nf,0.1286,321.1846,321.3133,-53.27,101,93,295,0.124,24.13,C:\Users\vdemartsev\Documents\Thermal\Audio for thermal\230619_Whiskers\1004.WAV
349,nf,0.164,321.8046,321.9686,-54.31,134,106,355,0.134,25.28,C:\Users\vdemartsev\Documents\Thermal\Audio for thermal\230619_Whiskers\1004.WAV
350,nf,0.236,325.0973,325.3333,-54.2,155,156,340,0.149,35.78,C:\Users\vdemartsev\Documents\Thermal\Audio for thermal\230619_Whiskers\1004.WAV
351,nf,0.2666,328.3326,328.5993,-53.38,132,124,293,0.134,28.19,C:\Users\vdemartsev\Documents\Thermal\Audio for thermal\230619_Whiskers\1004.WAV
352,nf,0.5206,331.4893,332.01,-49.7,129,118,266,0.111,29.07,C:\Users\vdemartsev\Documents\Thermal\Audio for thermal\230619_Whiskers\1004.WAV
353,SN,0.0353,332.066,332.1013,-51.94,178,149,381,0.173,30.61,C:\Users\vdemartsev\Documents\Thermal\Audio for thermal\230619_Whiskers\1004.WAV
354,SN,0.0466,332.1526,332.1993,-46.81,592,508,794,0.145,30.35,C:\Users\vdemartsev\Documents\Thermal\Audio for thermal\230619_Whiskers\1004.WAV
355,SN,0.0466,332.2839,332.3306,-43.55,650,650,841,0.137,34.98,C:\Users\vdemartsev\Documents\Thermal\Audio for thermal\230619_Whiskers\1004.WAV
356,nf,0.1593,332.6486,332.808,-51.97,93,93,213,0.112,29.43,C:\Users\vdemartsev\Documents\Thermal\Audio for thermal\230619_Whiskers\1004.WAV
357,nf,0.458,333.4779,333.936,-51.28,137,126,261,0.105,28.02,C:\Users\vdemartsev\Documents\Thermal\Audio for thermal\230619_Whiskers\1004.WAV
358,SN,0.046,339.5653,339.6113,-47.92,357,347,535,0.175,26.92,C:\Users\vdemartsev\Documents\Thermal\Audio for thermal\230619_Whiskers\1004.WAV
359,SN,0.044,339.6506,339.6946,-44.41,819,780,1036,0.15,34.97,C:\Users\vdemartsev\Documents\Thermal\Audio for thermal\230619_Whiskers\1004.WAV
360,nf,0.1646,339.9806,340.1453,-50.52,221,224,384,0.125,32.49,C:\Users\vdemartsev\Documents\Thermal\Audio for thermal\230619_Whiskers\1004.WAV
361,nf,0.182,342.592,342.774,-50.19,154,149,296,0.106,31.38,C:\Users\vdemartsev\Documents\Thermal\Audio for thermal\230619_Whiskers\1004.WAV
362,nf,0.0486,343.3046,343.3533,-52.68,210,184,383,0.13,32.11,C:\Users\vdemartsev\Documents\Thermal\Audio for thermal\230619_Whiskers\1004.WAV
363,nf,0.0486,344.3793,344.428,-52.05,96,96,258,0.102,33.6,C:\Users\vdemartsev\Documents\Thermal\Audio for thermal\230619_Whiskers\1004.WAV
364,nf,0.164,345.1553,345.3193,-52.82,103,93,250,0.112,30.72,C:\Users\vdemartsev\Documents\Thermal\Audio for thermal\230619_Whiskers\1004.WAV
365,nf,0.142,348.234,348.376,-53.19,115,101,252,0.11,28.48,C:\Users\vdemartsev\Documents\Thermal\Audio for thermal\230619_Whiskers\1004.WAV
366,nf,0.338,349.8973,350.2353,-47.83,121,111,276,0.1,26.27,C:\Users\vdemartsev\Documents\Thermal\Audio for thermal\230619_Whiskers\1004.WAV
367,SN,0.0446,350.3426,350.3873,-50.8,811,797,1042,0.16,33.63,C:\Users\vdemartsev\Documents\Thermal\Audio for thermal\230619_Whiskers\1004.WAV
368,SN,0.042,350.4533,350.4953,-43.42,528,471,750,0.133,34.73,C:\Users\vdemartsev\Documents\Thermal\Audio for thermal\230619_Whiskers\1004.WAV
369,SN,0.0486,350.604,350.6526,-44.23,444,412,642,0.135,33.42,C:\Users\vdemartsev\Documents\Thermal\Audio for thermal\230619_Whiskers\1004.WAV
370,nf,0.1826,353.4486,353.6313,-53.3,139,135,263,0.104,26.55,C:\Users\vdemartsev\Documents\Thermal\Audio for thermal\230619_Whiskers\1004.WAV
371,nf,0.3426,355.0806,355.4233,-48.07,100,95,253,0.107,26.12,C:\Users\vdemartsev\Documents\Thermal\Audio for thermal\230619_Whiskers\1004.WAV
372,nf,0.1593,355.7406,355.8999,-49.89,94,95,257,0.12,28.19,C:\Users\vdemartsev\Documents\Thermal\Audio for thermal\230619_Whiskers\1004.WAV
373,nf,0.1686,356.6366,356.8053,-47.31,127,127,264,0.102,31.39,C:\Users\vdemartsev\Documents\Thermal\Audio for thermal\230619_Whiskers\1004.WAV
374,nf,0.236,358.6366,358.8726,-50.33,158,158,311,0.104,27.94,C:\Users\vdemartsev\Documents\Thermal\Audio for thermal\230619_Whiskers\1004.WAV
375,nf,0.1953,359.6846,359.88,-45.28,126,120,267,0.097,29.77,C:\Users\vdemartsev\Documents\Thermal\Audio for thermal\230619_Whiskers\1004.WAV
376,nf,0.1553,360.7319,360.8873,-48.24,95,95,258,0.115,28.22,C:\Users\vdemartsev\Documents\Thermal\Audio for thermal\230619_Whiskers\1004.WAV
